TF,Target,label
MAPK1,GNAI3,1
MCM6,CDC45,1
MCM3,CDC45,1
ORC2,CDC45,1
MCM5,CDC45,1
MCM4,CDC45,1
MCM2,CDC45,1
MCM7,CDC45,1
RAD51,CDC45,1
KLF6,JUN,1
JUN,KLF6,1
KLF6,BTG2,1
BTG2,KLF6,1
MCM7,BUB1B,1
MCM7,SMC2,1
MCM7,PLK1,1
MCM7,NASP,1
MCM7,CDC7,1
MCM7,NCAPH,1
MCM7,CDT1,1
MCM7,INCENP,1
MCM7,NUF2,1
MCM7,POLE3,1
MCM7,RPA2,1
MCM7,POLD1,1
MCM7,HELLS,1
MCM7,ASF1B,1
MCM7,CCNA2,1
MCM7,PRC1,1
MCM7,ORC6,1
MCM7,CDCA8,1
MCM7,CCNB2,1
MCM7,AURKA,1
MCM7,CDC20,1
MCM7,UHRF1,1
MCM7,PRIM2,1
MCM7,MCM5,1
MCM5,MCM7,1
MCM7,MKI67,1
MCM7,GMNN,1
MCM7,BIRC5,1
MCM7,POLR2B,1
POLR2B,MCM7,1
MCM7,CDCA5,1
MCM7,MCM10,1
MCM7,NCAPG2,1
MCM7,PBK,1
MCM7,CCNE1,1
MCM7,RFC5,1
MCM7,POLA2,1
MCM7,RAD51,1
RAD51,MCM7,1
MCM7,WDHD1,1
MCM7,TIPIN,1
MCM7,BUB1,1
MCM7,LIG1,1
MCM7,NCAPG,1
MCM7,NCAPD2,1
MCM7,RPA1,1
MCM7,MCM2,1
MCM2,MCM7,1
MCM7,MAD2L1,1
MCM7,KIF20B,1
MCM7,CDK1,1
MCM7,RFC4,1
MCM7,ORC5,1
MCM7,MCM4,1
MCM4,MCM7,1
MCM7,CCNB1,1
MCM7,RRM2,1
MCM7,KIF11,1
MCM7,TYMS,1
MCM7,MSH6,1
MCM7,TOP2A,1
MCM7,CDC6,1
MCM7,AURKB,1
MCM7,PRIM1,1
MCM7,ORC2,1
ORC2,MCM7,1
MCM7,MCM3,1
MCM3,MCM7,1
MCM7,RRM1,1
MCM7,MCM6,1
MCM6,MCM7,1
PA2G4,GM2A,1
MAPK1,GM2A,1
XRCC3,RPA1,1
RAD51,RPA1,1
POLR2B,RPA1,1
MCM5,RPA1,1
XRCC6,RPA1,1
ERCC8,RPA1,1
GTF2H1,RPA1,1
E2F6,RPA1,1
MCM6,RPA1,1
MCM3,RPA1,1
ORC2,RPA1,1
MCM4,RPA1,1
MCM2,RPA1,1
XAB2,RPA1,1
EPOR,TYK2,1
STAT3,TYK2,1
MAPK1,TYK2,1
MCM6,UHRF1,1
MCM3,UHRF1,1
MCM5,UHRF1,1
MCM4,UHRF1,1
MCM2,UHRF1,1
RAD51,UHRF1,1
TCF19,UHRF1,1
ELL2,PHAX,1
ELL2,RPRD1B,1
ELL2,POLR2B,1
POLR2B,ELL2,1
ELL2,ZFP143,1
ZFP143,ELL2,1
ELL2,GTF2E1,1
GTF2E1,ELL2,1
ELL2,GTF2F1,1
GTF2F1,ELL2,1
ELL2,SNAPC3,1
SNAPC3,ELL2,1
ELL2,INTS8,1
ELL2,AFF4,1
AFF4,ELL2,1
POLR2B,CRNKL1,1
SNRPB,CRNKL1,1
YBX1,CRNKL1,1
GTF2F1,CRNKL1,1
XAB2,CRNKL1,1
PWP1,DHX33,1
PWP1,PA2G4,1
PA2G4,PWP1,1
PWP1,WDR36,1
PWP1,CTPS,1
PWP1,POLR1B,1
POLR1B,PWP1,1
PWP1,TBL3,1
PWP1,NOLC1,1
PWP1,PUS7,1
PWP1,DCAF13,1
PWP1,BYSL,1
PWP1,TRMT11,1
PWP1,PNO1,1
PWP1,NOP2,1
PWP1,FTSJ3,1
PWP1,PWP2,1
PWP1,REXO4,1
REXO4,PWP1,1
PWP1,WDR75,1
MAPK1,TOLLIP,1
PA2G4,TOLLIP,1
SPI1,GATA2,1
GATA2,SPI1,1
SPI1,LCP1,1
SPI1,EBF1,1
EBF1,SPI1,1
SPI1,GATA1,1
GATA1,SPI1,1
SPI1,PLEK,1
SPI1,IKZF1,1
IKZF1,SPI1,1
SPI1,TLR4,1
TLR4,SPI1,1
SPI1,ID2,1
ID2,SPI1,1
SPI1,LCP2,1
SPI1,MYB,1
MYB,SPI1,1
SPI1,GFI1,1
GFI1,SPI1,1
SPI1,STAT3,1
STAT3,SPI1,1
SPI1,JUN,1
JUN,SPI1,1
SPI1,NFATC1,1
NFATC1,SPI1,1
SPI1,IRF8,1
IRF8,SPI1,1
SPI1,RUNX1T1,1
RUNX1T1,SPI1,1
SPI1,CYTH4,1
SPI1,PML,1
PML,SPI1,1
GTF2F1,PHAX,1
GTF2F1,ESR1,1
ESR1,GTF2F1,1
GTF2F1,RPRD1B,1
GTF2F1,POLR2B,1
POLR2B,GTF2F1,1
GTF2F1,ZFP143,1
ZFP143,GTF2F1,1
GTF2F1,CTR9,1
CTR9,GTF2F1,1
GTF2F1,PPIL4,1
GTF2F1,SNRPB,1
SNRPB,GTF2F1,1
GTF2F1,TAF12,1
TAF12,GTF2F1,1
GTF2F1,YBX1,1
YBX1,GTF2F1,1
GTF2F1,GTF2H1,1
GTF2H1,GTF2F1,1
GTF2F1,GTF2E1,1
GTF2E1,GTF2F1,1
GTF2F1,XAB2,1
XAB2,GTF2F1,1
GTF2F1,TAF1,1
TAF1,GTF2F1,1
GTF2F1,SNAPC3,1
SNAPC3,GTF2F1,1
GTF2F1,CSTF2,1
GTF2F1,INTS8,1
GTF2F1,SNRNP200,1
GTF2F1,AFF4,1
AFF4,GTF2F1,1
GTF2F1,EFTUD2,1
GTF2F1,PRPF4,1
GTF2F1,GPKOW,1
STAT3,EBI3,1
POLR1B,ABCF3,1
PLAG1,NCAPG,1
PHB2,PMPCA,1
PHB2,AFG3L2,1
MAPK9,BID,1
MYCN,NDRG1,1
MCM6,MSH6,1
MCM3,MSH6,1
MCM4,MSH6,1
MCM2,MSH6,1
XRCC5,MSH6,1
XRCC3,MSH6,1
RAD51,MSH6,1
MCM5,MSH6,1
XRCC6,MSH6,1
ERCC8,MSH6,1
XPC,MSH6,1
STAT3,IL27RA,1
MCM6,ASF1B,1
MCM3,ASF1B,1
MCM4,ASF1B,1
MCM2,ASF1B,1
TAF1,ASF1B,1
RAD51,ASF1B,1
MCM5,ASF1B,1
TCF19,ASF1B,1
CTR9,SETD2,1
CTR9,AFF4,1
AFF4,CTR9,1
CTR9,POLR2B,1
POLR2B,CTR9,1
CTR9,GTF2H1,1
GTF2H1,CTR9,1
CTR9,BC005561,1
EPOR,CISH,1
EPOR,GATA1,1
GATA1,EPOR,1
EPOR,JAK3,1
MCM6,CDC20,1
MCM3,CDC20,1
MCM4,CDC20,1
CENPK,CDC20,1
MCM2,CDC20,1
AHCTF1,CDC20,1
RAD51,CDC20,1
MEF2C,CDC20,1
RNF4,CDC20,1
RNF19A,CDC20,1
HMGB2,CDC20,1
MCM5,CDC20,1
BUB3,CDC20,1
VHL,CDC20,1
TCF19,CDC20,1
MIS18BP1,CDC20,1
MCM6,CDT1,1
MCM3,CDT1,1
ORC2,CDT1,1
MCM5,CDT1,1
MCM4,CDT1,1
MCM2,CDT1,1
RUNX1T1,PRKAR2B,1
RUNX1T1,TCF12,1
TCF12,RUNX1T1,1
GTF2H1,POLR2B,1
POLR2B,GTF2H1,1
GTF2H1,COPS8,1
GTF2H1,POLR1B,1
POLR1B,GTF2H1,1
GTF2H1,TAF12,1
TAF12,GTF2H1,1
GTF2H1,ERCC8,1
ERCC8,GTF2H1,1
GTF2H1,RFC4,1
GTF2H1,GTF2E1,1
GTF2E1,GTF2H1,1
GTF2H1,XAB2,1
XAB2,GTF2H1,1
GTF2H1,TAF1,1
TAF1,GTF2H1,1
GTF2H1,LIG1,1
GTF2H1,POLD1,1
GTF2H1,RPA2,1
GTF2H1,TTF1,1
TTF1,GTF2H1,1
GTF2H1,POLE3,1
GTF2H1,XPC,1
XPC,GTF2H1,1
GTF2H1,RFC5,1
GTF2H1,CUL4A,1
GTF2H1,AFF4,1
AFF4,GTF2H1,1
MCM6,GMNN,1
MCM3,GMNN,1
ORC2,GMNN,1
MCM5,GMNN,1
MCM4,GMNN,1
BUB3,GMNN,1
MCM2,GMNN,1
POLR2B,PHAX,1
ZFP143,PHAX,1
SNRPB,PHAX,1
GTF2E1,PHAX,1
SNAPC3,PHAX,1
DDX20,PHAX,1
YBX1,PSEN2,1
NOTCH1,PSEN2,1
MCM6,KIF11,1
MCM3,KIF11,1
MCM4,KIF11,1
MCM2,KIF11,1
RAD51,KIF11,1
MCM5,KIF11,1
BUB3,KIF11,1
MIS18BP1,KIF11,1
E2F4,RB1,1
RB1,E2F4,1
E2F4,CDC6,1
E2F4,CCNE2,1
E2F4,CDK1,1
E2F4,TAF1,1
TAF1,E2F4,1
E2F4,CCNE1,1
E2F4,CCNA2,1
E2F4,SMAD2,1
SMAD2,E2F4,1
GATA2,MYC,1
MYC,GATA2,1
GATA2,CBFB,1
CBFB,GATA2,1
GATA2,TCF12,1
TCF12,GATA2,1
GATA2,KLF1,1
KLF1,GATA2,1
GATA2,GFI1B,1
GFI1B,GATA2,1
FEM1B,FBXW5,1
RNF4,FBXW5,1
RNF19A,FBXW5,1
VHL,FBXW5,1
ERCC8,FBXW5,1
XAB2,PPIL4,1
POLR2B,PPIL4,1
SNRPB,PPIL4,1
YBX1,PPIL4,1
MED16,MED22,1
PPARGC1A,MED22,1
XAB2,CUL4A,1
POLR2B,CUL4A,1
ERCC8,CUL4A,1
XPC,CUL4A,1
ABL1,CRK,1
MAPK9,CRK,1
HNF4A,PPARGC1A,1
PPARGC1A,HNF4A,1
HNF4A,FOXO1,1
FOXO1,HNF4A,1
PA2G4,CYB5R3,1
MAPK1,CYB5R3,1
NOTCH1,MFNG,1
IKZF1,DOCK2,1
IKZF1,EBF1,1
EBF1,IKZF1,1
IKZF1,GATA1,1
GATA1,IKZF1,1
IKZF1,CRBN,1
IKZF1,ETS1,1
ETS1,IKZF1,1
IKZF1,IRF8,1
IRF8,IKZF1,1
CENPK,NDEL1,1
BUB3,NDEL1,1
AHCTF1,NDEL1,1
RARB,RARS,1
XAB2,DHX33,1
XAB2,POLR2B,1
POLR2B,XAB2,1
XAB2,SNRPB,1
SNRPB,XAB2,1
XAB2,YBX1,1
YBX1,XAB2,1
XAB2,ERCC8,1
ERCC8,XAB2,1
XAB2,RFC4,1
XAB2,LIG1,1
XAB2,POLD1,1
XAB2,CSTF2,1
XAB2,RPA2,1
XAB2,POLE3,1
XAB2,RFC5,1
XAB2,SNRNP200,1
XAB2,EFTUD2,1
XAB2,PRPF4,1
XAB2,GPKOW,1
MCM3,FBXO5,1
HDAC2,RB1,1
RB1,HDAC2,1
HDAC2,HDAC9,1
HDAC9,HDAC2,1
HDAC2,SMARCA2,1
SMARCA2,HDAC2,1
HDAC2,HDAC10,1
HDAC10,HDAC2,1
HDAC2,JARID2,1
JARID2,HDAC2,1
HDAC2,CBX7,1
CBX7,HDAC2,1
HDAC2,MECOM,1
MECOM,HDAC2,1
HDAC2,BMI1,1
BMI1,HDAC2,1
HDAC2,GFI1B,1
GFI1B,HDAC2,1
HDAC2,RCOR1,1
HDAC2,BAP1,1
HDAC2,HDAC7,1
HDAC7,HDAC2,1
HDAC2,TTF1,1
TTF1,HDAC2,1
HDAC2,HDAC11,1
HDAC11,HDAC2,1
HDAC2,PML,1
PML,HDAC2,1
HDAC2,DDX20,1
DDX20,HDAC2,1
PA2G4,TRMT11,1
POLR1B,TRMT11,1
REXO4,TRMT11,1
MCM6,CDK1,1
MCM3,CDK1,1
RB1,CDK1,1
ORC2,CDK1,1
H1F0,CDK1,1
MYC,CDK1,1
MCM4,CDK1,1
CENPK,CDK1,1
CBFB,CDK1,1
MCM2,CDK1,1
AHCTF1,CDK1,1
RAD51,CDK1,1
HMGB2,CDK1,1
MCM5,CDK1,1
BUB3,CDK1,1
FOXO1,CDK1,1
TCF19,CDK1,1
MIS18BP1,CDK1,1
MYB,MYC,1
MYC,MYB,1
MYB,GATA1,1
GATA1,MYB,1
TOPORS,NEDD1,1
RNF4,HERC4,1
RNF19A,HERC4,1
VHL,HERC4,1
POLR3F,PNO1,1
PA2G4,PNO1,1
POLR1B,PNO1,1
RAD51,HMMR,1
MIS18BP1,HMMR,1
MAPK9,ESR1,1
ESR1,MAPK9,1
MAPK9,FOS,1
FOS,MAPK9,1
MAPK9,MAPKAPK3,1
MAPK9,JUN,1
JUN,MAPK9,1
MAPK9,NFATC1,1
NFATC1,MAPK9,1
MAPK9,MECOM,1
MECOM,MAPK9,1
MAPK9,PGR,1
PGR,MAPK9,1
MAPK9,DUSP2,1
MAPK9,FOXO1,1
FOXO1,MAPK9,1
MAPK9,PRKCQ,1
MAPK9,PCYT1A,1
MAPK9,DUSP1,1
RAD51,HUS1,1
BTG2,FOS,1
FOS,BTG2,1
BTG2,CNOT7,1
CNOT7,BTG2,1
BTG2,CNOT10,1
BTG2,EGR1,1
EGR1,BTG2,1
BTG2,ZFP36,1
ZFP36,BTG2,1
BTG2,JUN,1
JUN,BTG2,1
BTG2,DUSP1,1
BTG2,NR4A1,1
NR4A1,BTG2,1
E2F6,RB1,1
RB1,E2F6,1
E2F6,RUVBL2,1
RUVBL2,E2F6,1
E2F6,TAF1,1
TAF1,E2F6,1
E2F6,POLA2,1
E2F6,BMI1,1
BMI1,E2F6,1
E2F6,WDR5,1
E2F6,E2F8,1
E2F8,E2F6,1
E2F6,POLD1,1
E2F6,RPA2,1
E2F6,HCFC1,1
HCFC1,E2F6,1
DDX58,CMPK2,1
ID2,TCF12,1
TCF12,ID2,1
ID2,GFI1,1
GFI1,ID2,1
ID2,ETS1,1
ETS1,ID2,1
MCM6,RRM2,1
MCM3,RRM2,1
MCM4,RRM2,1
MCM2,RRM2,1
RAD51,RRM2,1
HMGB2,RRM2,1
MCM5,RRM2,1
TCF19,RRM2,1
MIS18BP1,RRM2,1
PA2G4,FTSJ3,1
POLR1B,FTSJ3,1
REXO4,FTSJ3,1
MCM6,NUP85,1
CENPK,NUP85,1
BUB3,NUP85,1
AHCTF1,NUP85,1
PML,NUP85,1
MCM6,AURKB,1
MCM3,AURKB,1
MYCN,AURKB,1
MCM4,AURKB,1
CENPK,AURKB,1
MCM2,AURKB,1
AHCTF1,AURKB,1
RAD51,AURKB,1
HMGB2,AURKB,1
MCM5,AURKB,1
BUB3,AURKB,1
TCF19,AURKB,1
MIS18BP1,AURKB,1
POLR2B,EFTUD2,1
SNRPB,EFTUD2,1
YBX1,EFTUD2,1
NFKBIA,PSMD9,1
NFKBIA,REL,1
REL,NFKBIA,1
NFKBIA,TAB1,1
NFKBIA,PSMD6,1
NFKBIA,PSMF1,1
NFKBIA,CHUK,1
NFKBIA,PSMD5,1
NFKBIA,RELB,1
RELB,NFKBIA,1
NFKBIA,BTRC,1
ERCC8,DCAF4,1
FOS,ESR1,1
ESR1,FOS,1
FOS,MYC,1
MYC,FOS,1
FOS,STAT3,1
STAT3,FOS,1
FOS,JUN,1
JUN,FOS,1
FOS,NFATC1,1
NFATC1,FOS,1
FOS,NR4A1,1
NR4A1,FOS,1
FOS,MAPK12,1
MAPK12,FOS,1
FOS,CREB5,1
CREB5,FOS,1
FOS,EGR1,1
EGR1,FOS,1
FOS,MAPK1,1
MAPK1,FOS,1
FOS,DUSP1,1
XRCC3,RAD51AP1,1
XRCC3,RFC4,1
XRCC3,SPO11,1
SPO11,XRCC3,1
XRCC3,XRCC5,1
XRCC5,XRCC3,1
XRCC3,RAD51,1
RAD51,XRCC3,1
XRCC3,RFC5,1
XRCC3,XRCC6,1
XRCC6,XRCC3,1
XRCC3,POLD1,1
XRCC3,RPA2,1
XRCC3,POLE3,1
DEK,POLR1B,1
POLR1B,DEK,1
MCM4,DHFR,1
CENPK,PBK,1
CENPK,PPP2R1B,1
CENPK,CENPE,1
CENPK,NCAPG2,1
CENPK,RAD21,1
CENPK,CDCA5,1
CENPK,AHCTF1,1
AHCTF1,CENPK,1
CENPK,NUP107,1
CENPK,NCAPG,1
CENPK,CENPA,1
CENPK,BIRC5,1
CENPK,NDE1,1
CENPK,SPC25,1
CENPK,MIS12,1
CENPK,CCNB1,1
CENPK,CKAP5,1
CENPK,SEH1L,1
CENPK,NUF2,1
CENPK,INCENP,1
CENPK,CENPF,1
CENPK,AURKA,1
CENPK,BUB1,1
CENPK,CCNB2,1
CENPK,CKAP2L,1
CENPK,CDCA8,1
CENPK,CENPL,1
CENPK,PLK1,1
CENPK,BUB3,1
BUB3,CENPK,1
CENPK,CCNA2,1
CENPK,SHCBP1,1
CENPK,BUB1B,1
CENPK,CENPO,1
CENPK,MIS18BP1,1
MIS18BP1,CENPK,1
CENPK,SPC24,1
CENPK,RANGAP1,1
CENPK,KIF20B,1
CENPK,MAD2L1,1
EPAS1,PSMD6,1
REL,PSMD6,1
BUB3,PSMD6,1
RELB,PSMD6,1
VHL,PSMD6,1
THRB,MAPK1,1
MAPK1,THRB,1
THRB,PIK3R2,1
BMI1,BAP1,1
CBX7,BAP1,1
HCFC1,BAP1,1
DCP1A,ETF1,1
DCP1A,EDC3,1
DCP1A,CNOT7,1
CNOT7,DCP1A,1
ELP3,MCM5,1
MCM5,ELP3,1
ELP3,TBL3,1
ELP3,ELP2,1
ELP2,ELP3,1
ELP3,KAT7,1
ELP3,NOP2,1
ELP3,PWP2,1
ELP3,WDR75,1
MCM6,PBK,1
MCM3,PBK,1
MCM2,PBK,1
RAD51,PBK,1
HMGB2,PBK,1
MCM5,PBK,1
TCF19,PBK,1
MIS18BP1,PBK,1
ABL1,DOK2,1
RB1,PRIM1,1
RB1,H1F0,1
H1F0,RB1,1
RB1,CCNE2,1
RB1,FZR1,1
RB1,PPP2R1B,1
RB1,HIST1H1C,1
HIST1H1C,RB1,1
RB1,POLA2,1
RB1,RUNX2,1
RUNX2,RB1,1
RB1,CCNE1,1
RB1,ABL1,1
ABL1,RB1,1
RB1,NCAPG2,1
RB1,PRIM2,1
RB1,CCNA2,1
RB1,SMC2,1
TOX4,SALL2,1
SALL2,TOX4,1
RNF19A,CUL3,1
RNF19A,CCNF,1
RNF19A,CUL2,1
RNF19A,UBE2C,1
RNF19A,FZR1,1
RNF19A,UBA3,1
RNF19A,PJA2,1
RNF19A,ANAPC4,1
RNF19A,KLHL22,1
RNF19A,UBA5,1
RNF19A,UBAC1,1
RNF19A,RNF4,1
RNF4,RNF19A,1
RNF19A,RNF115,1
RNF19A,UBE2G2,1
RNF19A,RNF213,1
RNF19A,BTRC,1
RNF19A,VHL,1
VHL,RNF19A,1
RNF19A,UBA7,1
RNF19A,ANAPC2,1
RNF19A,UBR1,1
PA2G4,DCAF13,1
POLR1B,DCAF13,1
ERCC8,DCAF13,1
MCM3,RAD21,1
AHCTF1,RAD21,1
BUB3,RAD21,1
RAD51,SHCBP1,1
MIS18BP1,SHCBP1,1
MYC,ESR1,1
ESR1,MYC,1
MYC,CASP3,1
MYC,CCNB1,1
MYC,MED16,1
MED16,MYC,1
MYC,ODC1,1
MYC,STAT3,1
STAT3,MYC,1
MYC,JUN,1
JUN,MYC,1
MYC,CCNE1,1
MYC,ABL1,1
ABL1,MYC,1
MYC,BMI1,1
BMI1,MYC,1
MYC,ANXA5,1
MYC,MKI67,1
MYC,AURKA,1
MYC,FOXO1,1
FOXO1,MYC,1
MYC,NOTCH1,1
NOTCH1,MYC,1
MYC,PKM,1
MYC,MAPK1,1
MAPK1,MYC,1
MAPK12,TAB1,1
TLR4,TAB1,1
VDR,RUNX2,1
RUNX2,VDR,1
MCM4,MCM6,1
MCM6,MCM4,1
MCM4,RRM1,1
MCM4,MCM3,1
MCM3,MCM4,1
MCM4,ORC2,1
ORC2,MCM4,1
MCM4,PRIM1,1
MCM4,CDC6,1
MCM4,TOP2A,1
MCM4,TYMS,1
MCM4,CCNB1,1
MCM4,ORC5,1
MCM4,RFC4,1
MCM4,CCNE2,1
MCM4,KIF20B,1
MCM4,MAD2L1,1
MCM4,MCM2,1
MCM2,MCM4,1
MCM4,NCAPD2,1
MCM4,NCAPG,1
MCM4,LIG1,1
MCM4,BUB1,1
MCM4,TIPIN,1
MCM4,WDHD1,1
MCM4,TPX2,1
MCM4,RAD51,1
RAD51,MCM4,1
MCM4,POLA2,1
MCM4,RFC5,1
MCM4,CCNE1,1
MCM4,NCAPG2,1
MCM4,MCM10,1
MCM4,BIRC5,1
MCM4,MCM5,1
MCM5,MCM4,1
MCM4,PRIM2,1
MCM4,AURKA,1
MCM4,CCNB2,1
MCM4,CDCA8,1
MCM4,ORC6,1
MCM4,PRC1,1
MCM4,CCNA2,1
MCM4,HELLS,1
MCM4,DTL,1
MCM4,POLD1,1
MCM4,RPA2,1
MCM4,POLE3,1
MCM4,NUF2,1
MCM4,INCENP,1
MCM4,NCAPH,1
MCM4,CDC7,1
MCM4,NASP,1
MCM4,PLK1,1
MCM4,SMC2,1
MCM4,BUB1B,1
BUB3,NDE1,1
AHCTF1,NDE1,1
GTF2E1,ESR1,1
ESR1,GTF2E1,1
GTF2E1,RPRD1B,1
GTF2E1,POLR2B,1
POLR2B,GTF2E1,1
GTF2E1,ZFP143,1
ZFP143,GTF2E1,1
GTF2E1,TAF12,1
TAF12,GTF2E1,1
GTF2E1,TAF1,1
TAF1,GTF2E1,1
GTF2E1,SNAPC3,1
SNAPC3,GTF2E1,1
GTF2E1,INTS8,1
HCLS1,CTTN,1
DDX58,USP25,1
MCM6,RFC4,1
MCM3,RFC4,1
ORC2,RFC4,1
MCM2,RFC4,1
RAD51,RFC4,1
POLR2B,RFC4,1
MCM5,RFC4,1
ERCC8,RFC4,1
BUB3,RFC4,1
NR4A1,EGR1,1
EGR1,NR4A1,1
NR4A1,MAPK1,1
MAPK1,NR4A1,1
NR4A1,DUSP1,1
MCM5,CDCA3,1
TCF19,CDCA3,1
PHF10,SMARCA2,1
SMARCA2,PHF10,1
PA2G4,BYSL,1
POLR1B,BYSL,1
EPAS1,PSMD9,1
EPAS1,CUL2,1
EPAS1,PSMF1,1
EPAS1,PSMD5,1
EPAS1,VHL,1
VHL,EPAS1,1
ZFP36,DUSP1,1
JUN,DUSP1,1
MAPK12,DUSP1,1
TSC22D3,DUSP1,1
EGR1,DUSP1,1
MAPK1,DUSP1,1
ELP2,WDR36,1
ELP2,PWP2,1
PA2G4,ETF1,1
POLR1B,ETF1,1
BUB3,SEH1L,1
AHCTF1,SEH1L,1
PML,SEH1L,1
MCM3,INCENP,1
MCM5,INCENP,1
BUB3,INCENP,1
MCM2,INCENP,1
AHCTF1,INCENP,1
MCM3,CDCA5,1
MCM5,CDCA5,1
BUB3,CDCA5,1
MCM2,CDCA5,1
AHCTF1,CDCA5,1
RAD51,CDCA5,1
TCF19,CDCA5,1
MIS18BP1,CDCA5,1
MCM6,POLA2,1
MCM3,POLA2,1
ORC2,POLA2,1
MCM5,POLA2,1
MCM2,POLA2,1
RORA,CPT1A,1
SMARCA2,CBFB,1
CBFB,SMARCA2,1
MCM6,HELLS,1
MCM3,HELLS,1
MCM2,HELLS,1
RAD51,HELLS,1
MCM5,HELLS,1
PA2G4,DUS1L,1
REL,CHUK,1
FOXO1,CHUK,1
RELB,CHUK,1
TLR4,CHUK,1
PA2G4,LYZ2,1
PA2G4,DHX33,1
PA2G4,GRN,1
PA2G4,NOLC1,1
PA2G4,ANXA2,1
PA2G4,NOP2,1
PA2G4,MARS,1
PA2G4,PLAC8,1
PA2G4,TRMT6,1
PA2G4,WDR4,1
PA2G4,WDR75,1
PA2G4,WDR36,1
PA2G4,POLR1B,1
POLR1B,PA2G4,1
PA2G4,TBL3,1
PA2G4,GUSB,1
PA2G4,PUS7,1
PA2G4,MAPK1,1
MAPK1,PA2G4,1
PA2G4,CTSC,1
PA2G4,FUCA2,1
PA2G4,PWP2,1
PA2G4,REXO4,1
REXO4,PA2G4,1
MCM6,PRIM1,1
MCM3,PRIM1,1
ORC2,PRIM1,1
MCM5,PRIM1,1
MCM2,PRIM1,1
RAD51,PRIM1,1
MAPK1,GUSB,1
MCM5,TK1,1
MCM6,TYMS,1
MCM3,TYMS,1
MCM2,TYMS,1
MCM5,TYMS,1
DDX58,CASP1,1
IFI204,CASP1,1
TLR4,CASP1,1
POLR1B,WDR75,1
ORC2,MCM6,1
MCM6,ORC2,1
ORC2,RRM1,1
ORC2,MCM3,1
MCM3,ORC2,1
ORC2,MCM10,1
ORC2,CDC6,1
ORC2,MCM5,1
MCM5,ORC2,1
ORC2,PRIM2,1
ORC2,ORC5,1
ORC2,ORC6,1
ORC2,CCNA2,1
ORC2,MCM2,1
MCM2,ORC2,1
ORC2,CENPA,1
ORC2,LIG1,1
ORC2,POLD1,1
ORC2,RPA2,1
ORC2,POLE3,1
ORC2,WDHD1,1
ORC2,CDC7,1
MCM6,PRIM2,1
MCM3,PRIM2,1
MCM5,PRIM2,1
MCM2,PRIM2,1
XRCC5,RCOR1,1
XRCC5,XRCC6,1
XRCC6,XRCC5,1
XRCC5,ERCC8,1
ERCC8,XRCC5,1
XRCC5,LIG1,1
XRCC5,POLD1,1
XRCC5,SUN1,1
XRCC5,XPC,1
XPC,XRCC5,1
XRCC5,RAD51,1
RAD51,XRCC5,1
MCM6,RRM1,1
MCM6,MCM3,1
MCM3,MCM6,1
MCM6,CDC6,1
MCM6,TOP2A,1
MCM6,CCNB1,1
MCM6,ORC5,1
MCM6,RCC1,1
MCM6,CCNE2,1
MCM6,KIF20B,1
MCM6,MAD2L1,1
MCM6,MCM2,1
MCM2,MCM6,1
MCM6,NCAPG,1
MCM6,LIG1,1
MCM6,BUB1,1
MCM6,TIPIN,1
MCM6,WDHD1,1
MCM6,RAD51,1
RAD51,MCM6,1
MCM6,RFC5,1
MCM6,NCAPG2,1
MCM6,MCM10,1
MCM6,BIRC5,1
MCM6,MKI67,1
MCM6,MCM5,1
MCM5,MCM6,1
MCM6,AURKA,1
MCM6,CCNB2,1
MCM6,ORC6,1
MCM6,PRC1,1
MCM6,CCNA2,1
MCM6,DTL,1
MCM6,POLD1,1
MCM6,RPA2,1
MCM6,POLE3,1
MCM6,CDC7,1
MCM6,NASP,1
MCM6,PLK1,1
MCM6,SMC2,1
MCM6,BUB1B,1
AHCTF1,CENPE,1
AHCTF1,BIRC5,1
AHCTF1,SPC25,1
AHCTF1,MIS12,1
AHCTF1,CCNB1,1
AHCTF1,CKAP5,1
AHCTF1,CCNB2,1
AHCTF1,CDCA8,1
AHCTF1,CENPL,1
AHCTF1,BUB3,1
BUB3,AHCTF1,1
AHCTF1,CENPO,1
AHCTF1,NUP155,1
AHCTF1,SPC24,1
AHCTF1,MAD2L1,1
AHCTF1,PPP2R1B,1
AHCTF1,NUP93,1
AHCTF1,NUP107,1
AHCTF1,CENPA,1
AHCTF1,NUF2,1
AHCTF1,CENPF,1
AHCTF1,BUB1,1
AHCTF1,PLK1,1
AHCTF1,BUB1B,1
AHCTF1,RANGAP1,1
BLZF1,MAPK1,1
MAPK1,BLZF1,1
BLZF1,GORASP1,1
MCM3,DTL,1
MCM5,DTL,1
ERCC8,DTL,1
MCM2,DTL,1
MCM3,MCM10,1
MCM5,MCM10,1
MCM2,MCM10,1
RAD51,MCM10,1
ZEB2,VIM,1
BMI1,CBFB,1
CBFB,BMI1,1
BMI1,MAPKAPK3,1
BMI1,CBX7,1
CBX7,BMI1,1
BMI1,MECOM,1
MECOM,BMI1,1
BMI1,ABCG2,1
GFI1B,MEIS1,1
MEIS1,GFI1B,1
GFI1B,GATA1,1
GATA1,GFI1B,1
GFI1B,RCOR1,1
REL,PSMD5,1
BUB3,PSMD5,1
RELB,PSMD5,1
VHL,PSMD5,1
NOTCH1,PSEN1,1
NOTCH1,POGLUT1,1
RNF4,ANAPC2,1
BUB3,ANAPC2,1
VHL,ANAPC2,1
CBX7,ANAPC2,1
RNF4,UBR1,1
VHL,UBR1,1
RAD51,MCM3,1
MCM3,RAD51,1
RAD51,CDC6,1
RAD51,TOP2A,1
RAD51,ABCD3,1
RAD51,CCNB1,1
RAD51,UBE2C,1
RAD51,RAD51AP1,1
RAD51,SPO11,1
SPO11,RAD51,1
RAD51,MAD2L1,1
RAD51,MCM2,1
MCM2,RAD51,1
RAD51,NCAPG,1
RAD51,LIG1,1
RAD51,BUB1,1
RAD51,FIGNL1,1
RAD51,TIPIN,1
RAD51,WDHD1,1
RAD51,TPX2,1
RAD51,ABL1,1
ABL1,RAD51,1
RAD51,NCAPG2,1
RAD51,BIRC5,1
RAD51,MCM5,1
MCM5,RAD51,1
RAD51,AURKA,1
RAD51,CCNB2,1
RAD51,CDCA8,1
RAD51,XRCC6,1
XRCC6,RAD51,1
RAD51,CCNA2,1
RAD51,POLD1,1
RAD51,RPA2,1
RAD51,NUF2,1
RAD51,NCAPH,1
RAD51,PLK1,1
RAD51,SMC2,1
RAD51,BUB1B,1
MAPK12,DUSP2,1
MAPK1,DUSP2,1
MCM3,BUB1,1
MCM2,BUB1,1
MCM5,BUB1,1
BUB3,BUB1,1
TCF19,BUB1,1
MIS18BP1,BUB1,1
POLR3F,SNAPC3,1
SNAPC3,POLR3F,1
POLR3F,POLR2B,1
POLR2B,POLR3F,1
POLR3F,ZFP143,1
ZFP143,POLR3F,1
POLR3F,POLR1B,1
POLR1B,POLR3F,1
POLR3F,GTF3C3,1
GTF3C3,POLR3F,1
POLR3F,WDR4,1
POLR3F,PWP2,1
MCM3,AURKA,1
MYCN,AURKA,1
MCM2,AURKA,1
MCM5,AURKA,1
BUB3,AURKA,1
POLR2B,RPRD1B,1
ZFP143,RPRD1B,1
SNAPC3,RPRD1B,1
STAT3,ANXA5,1
MCM3,CCNA2,1
MCM2,CCNA2,1
HMGB2,CCNA2,1
MCM5,CCNA2,1
E2F8,CCNA2,1
BUB3,CCNA2,1
TCF19,CCNA2,1
MIS18BP1,CCNA2,1
DDX58,IFI44,1
IFI204,IFI44,1
RNF4,RNF115,1
VHL,RNF115,1
RORC,RORA,1
RORA,RORC,1
RORC,STAT3,1
STAT3,RORC,1
MCM3,CCNE2,1
MCM5,CCNE2,1
STAT3,DECR1,1
TLR4,DECR1,1
MCM3,POLE3,1
POLR2B,POLE3,1
RUVBL2,POLE3,1
MCM5,POLE3,1
ERCC8,POLE3,1
MCM2,POLE3,1
ZZZ3,POLE3,1
SNAPC3,POLR2B,1
POLR2B,SNAPC3,1
SNAPC3,ZFP143,1
ZFP143,SNAPC3,1
SNAPC3,INTS8,1
POLR2B,CTPS,1
POLR1B,CTPS,1
MCM3,NASP,1
MCM2,NASP,1
MCM5,NASP,1
TAF12,POLR2B,1
POLR2B,TAF12,1
TAF12,TAF1,1
TAF1,TAF12,1
TAF12,SUPT7L,1
MCM3,ORC5,1
MCM5,ORC5,1
MCM2,ORC5,1
PRDM16,PPARGC1A,1
PPARGC1A,PRDM16,1
RNF4,ANAPC4,1
BUB3,ANAPC4,1
VHL,ANAPC4,1
CBX7,ANAPC4,1
POLR2B,ESR1,1
ESR1,POLR2B,1
POLR2B,KDM6A,1
POLR2B,MEIS1,1
MEIS1,POLR2B,1
POLR2B,TAF1,1
TAF1,POLR2B,1
POLR2B,SETD2,1
POLR2B,LIG1,1
POLR2B,NCOA6,1
NCOA6,POLR2B,1
POLR2B,CSTF2,1
POLR2B,JUN,1
JUN,POLR2B,1
POLR2B,PBX1,1
PBX1,POLR2B,1
POLR2B,RFC5,1
POLR2B,AFF4,1
AFF4,POLR2B,1
POLR2B,GPKOW,1
POLR2B,ZFP143,1
ZFP143,POLR2B,1
POLR2B,WDR5,1
POLR2B,SNRPB,1
SNRPB,POLR2B,1
POLR2B,COPS8,1
POLR2B,POLR1B,1
POLR1B,POLR2B,1
POLR2B,RARB,1
RARB,POLR2B,1
POLR2B,YBX1,1
YBX1,POLR2B,1
POLR2B,ERCC8,1
ERCC8,POLR2B,1
POLR2B,PKM,1
POLR2B,BC005561,1
POLR2B,POLD1,1
POLR2B,RPA2,1
POLR2B,INTS8,1
POLR2B,SNRNP200,1
POLR2B,PRPF4,1
POLR2B,PKLR,1
MCM3,CDC7,1
SPO11,CDC7,1
MCM2,CDC7,1
MCM5,CDC7,1
MAPK1,PLAC8,1
PPARGC1A,PRKAB1,1
DDX58,OASL2,1
IRF1,OASL2,1
TRIB3,ASNS,1
PRDM5,UROS,1
ABTB1,CUL3,1
XPC,COPS8,1
XPC,RCOR1,1
XPC,XRCC6,1
XRCC6,XPC,1
XPC,ERCC8,1
ERCC8,XPC,1
XPC,POLD1,1
XPC,RPA2,1
TOPORS,TUBGCP5,1
MAPK1,CTSC,1
MCM3,KIF22,1
MCM2,KIF22,1
MCM5,KIF22,1
STAT3,IL21R,1
ESR1,PAK1,1
MAPK12,PAK1,1
MCM3,PLK1,1
MCM2,PLK1,1
MCM5,PLK1,1
BUB3,PLK1,1
MIS18BP1,PLK1,1
MCM3,RRM1,1
MCM2,RRM1,1
MCM5,RRM1,1
BUB3,RRM1,1
MCM3,MKI67,1
ESR1,MKI67,1
MCM2,MKI67,1
HMGB2,MKI67,1
PGR,MKI67,1
MCM5,MKI67,1
MIS18BP1,MKI67,1
GATA1,CBFB,1
CBFB,GATA1,1
GATA1,TCF12,1
TCF12,GATA1,1
GATA1,KLF1,1
KLF1,GATA1,1
GATA1,WDR5,1
GATA1,MPL,1
GATA1,NFE2,1
NFE2,GATA1,1
BUB3,DYNLT3,1
SNRPB,CSTF2,1
YBX1,CSTF2,1
HCFC1,WDR5,1
HCFC1,RUVBL2,1
RUVBL2,HCFC1,1
HCFC1,TAF1,1
TAF1,HCFC1,1
NFE2L2,GSR,1
MCM3,ORC6,1
MCM5,ORC6,1
MCM2,ORC6,1
IRF1,IL15,1
STAT3,IL15,1
ESR1,PIK3R2,1
PGR,PIK3R2,1
ETS1,GFI1,1
GFI1,ETS1,1
ETS1,JUN,1
JUN,ETS1,1
ETS1,RUNX2,1
RUNX2,ETS1,1
ETS1,FOXO1,1
FOXO1,ETS1,1
ETS1,MAPK1,1
MAPK1,ETS1,1
BUB3,PPP2R1B,1
MAPK1,PPP2R1B,1
MCM3,CCNB2,1
MCM2,CCNB2,1
MCM5,CCNB2,1
BUB3,CCNB2,1
TCF19,CCNB2,1
MAPK1,ANXA2,1
RORA,PPARGC1A,1
PPARGC1A,RORA,1
FEM1B,CUL3,1
FEM1B,CCNF,1
FEM1B,CISH,1
FEM1B,FEM1A,1
FEM1B,CUL2,1
FEM1B,KLHL22,1
FEM1B,COPS8,1
FEM1B,BTRC,1
FEM1B,VHL,1
VHL,FEM1B,1
STAT3,PKM,1
POLR1B,PKM,1
NFE2L2,GCLC,1
MCM3,TIPIN,1
MCM5,TIPIN,1
MCM2,TIPIN,1
RNF4,UBA5,1
VHL,UBA5,1
MAPK12,MAPKAPK3,1
RNF4,UBA7,1
VHL,UBA7,1
POLR1B,PKLR,1
VHL,COPS8,1
ERCC8,COPS8,1
POLR1B,IPO4,1
SNRPB,GEMIN5,1
DDX20,GEMIN5,1
MCM3,BUB1B,1
MCM2,BUB1B,1
MCM5,BUB1B,1
BUB3,BUB1B,1
TCF19,BUB1B,1
MIS18BP1,BUB1B,1
POLR1B,MARS,1
ZFP143,INTS8,1
DDX58,ATG12,1
CREB5,MAPK1,1
MAPK1,CREB5,1
CREB5,JUN,1
JUN,CREB5,1
VHL,RNF4,1
RNF4,VHL,1
VHL,CUL3,1
VHL,PSMF1,1
VHL,CCNF,1
VHL,PSMD9,1
VHL,CISH,1
VHL,FEM1A,1
VHL,CUL2,1
VHL,UBE2C,1
VHL,UBE2G2,1
VHL,FZR1,1
VHL,RNF213,1
VHL,UBA3,1
VHL,BTRC,1
VHL,PJA2,1
VHL,KLHL22,1
VHL,UBAC1,1
BUB3,MIS12,1
MIS18BP1,CKAP2,1
POLR1B,TASP1,1
MCM3,POLD1,1
MCM2,POLD1,1
MCM5,POLD1,1
XRCC6,POLD1,1
ERCC8,POLD1,1
RNF4,UBAC1,1
IRF8,EBF1,1
EBF1,IRF8,1
MED16,CDK19,1
DDX58,RTP4,1
RELB,PSMF1,1
REL,PSMF1,1
BUB3,PSMF1,1
MCM3,NCAPD2,1
MCM5,NCAPD2,1
MCM2,NCAPD2,1
DDX58,IFI204,1
IFI204,DDX58,1
DDX58,MAVS,1
DDX58,TLR4,1
TLR4,DDX58,1
DDX58,TMEM173,1
DDX58,IRF1,1
IRF1,DDX58,1
DDX58,RNASEL,1
ESR1,ATAD2,1
BTAF1,ATAD2,1
HDAC11,HDAC9,1
HDAC9,HDAC11,1
HDAC11,HDAC10,1
HDAC10,HDAC11,1
HDAC11,HDAC7,1
HDAC7,HDAC11,1
POLR1B,TRMT6,1
NDN,FOXO1,1
FOXO1,NDN,1
BATF2,IRF1,1
IRF1,BATF2,1
TLR4,PLCG2,1
TLR4,STAT3,1
STAT3,TLR4,1
TLR4,JUN,1
JUN,TLR4,1
TLR4,IRF1,1
IRF1,TLR4,1
POLR1B,PWP2,1
HIST1H1C,HMGB2,1
HMGB2,HIST1H1C,1
HIST1H1C,H1F0,1
H1F0,HIST1H1C,1
MAPK1,GRN,1
TOPORS,MTAP,1
HOXA9,MEIS1,1
MEIS1,HOXA9,1
HOXA9,PBX1,1
PBX1,HOXA9,1
POLR1B,NOP2,1
REXO4,NOP2,1
PML,NUP88,1
ABL1,CTNNA1,1
MEF2C,CTNNA1,1
MAPK12,CTNNA1,1
MIS18BP1,CENPE,1
MIS18BP1,KNSTRN,1
MIS18BP1,TOP2A,1
MIS18BP1,NCAPG,1
MIS18BP1,CENPA,1
MIS18BP1,BIRC5,1
MIS18BP1,NUSAP1,1
MIS18BP1,CCNB1,1
MIS18BP1,NUF2,1
MIS18BP1,CENPF,1
MIS18BP1,CKAP2L,1
MIS18BP1,TPX2,1
MIS18BP1,CDCA8,1
MIS18BP1,CENPL,1
MIS18BP1,PRC1,1
MIS18BP1,SMC2,1
MIS18BP1,CENPO,1
MIS18BP1,KIF20B,1
POLR1B,WDR36,1
FOXO1,CASP3,1
FOXO1,EBF1,1
EBF1,FOXO1,1
FOXO1,PPARGC1A,1
PPARGC1A,FOXO1,1
FOXO1,STAT3,1
STAT3,FOXO1,1
FOXO1,RUNX2,1
RUNX2,FOXO1,1
FOXO1,PRKAA1,1
FOXO1,MAPK1,1
MAPK1,FOXO1,1
FOXO1,SMAD2,1
SMAD2,FOXO1,1
ABL1,PSTPIP1,1
XRCC6,SUN1,1
E2F8,CDC6,1
RNF4,GOLPH3,1
BUB3,CENPE,1
SPO11,XRCC6,1
XRCC6,SPO11,1
MCM3,CDC6,1
MCM3,TOP2A,1
MCM3,CCNF,1
MCM3,CCNB1,1
MCM3,UBE2C,1
MCM3,RAD51AP1,1
MCM3,KIF20B,1
MCM3,MAD2L1,1
MCM3,MCM2,1
MCM2,MCM3,1
MCM3,NCAPG,1
MCM3,LIG1,1
MCM3,FIGNL1,1
MCM3,WDHD1,1
MCM3,TPX2,1
MCM3,RFC5,1
MCM3,CCNE1,1
MCM3,NCAPG2,1
MCM3,BIRC5,1
MCM3,SPC25,1
MCM3,MCM5,1
MCM5,MCM3,1
MCM3,CDCA8,1
MCM3,PRC1,1
MCM3,RPA2,1
MCM3,NUF2,1
MCM3,NCAPH,1
MCM3,SMC2,1
MCM3,TCF19,1
TCF19,MCM3,1
ERCC8,CRBN,1
ERCC8,LIG1,1
ERCC8,WDR5,1
ERCC8,RPA2,1
ERCC8,RCOR1,1
ERCC8,XRCC6,1
XRCC6,ERCC8,1
ERCC8,RFC5,1
ERCC8,DCAF11,1
CBFB,ESR1,1
ESR1,CBFB,1
CBFB,WDR5,1
CBFB,CCNB1,1
CBFB,TCF12,1
TCF12,CBFB,1
CBFB,RUNX2,1
RUNX2,CBFB,1
CBFB,ABL1,1
ABL1,CBFB,1
STAT3,JAK3,1
MCM5,ALKBH8,1
MEIS1,KDM6A,1
NCOA6,KDM6A,1
JUN,KDM6A,1
PBX1,KDM6A,1
JARID2,KDM6A,1
RARB,KDM6A,1
MCM2,CDC6,1
MCM2,TOP2A,1
MCM2,CCNB1,1
MCM2,UBE2C,1
MCM2,MAD2L1,1
MCM2,NCAPG,1
MCM2,LIG1,1
MCM2,NUSAP1,1
MCM2,WDHD1,1
MCM2,RFC5,1
MCM2,BIRC5,1
MCM2,MCM5,1
MCM5,MCM2,1
MCM2,CDCA8,1
MCM2,PRC1,1
MCM2,RPA2,1
MCM2,NCAPH,1
MCM2,SMC2,1
PPARGC1A,PRKAA1,1
PGR,ESR1,1
ESR1,PGR,1
PGR,STAT3,1
STAT3,PGR,1
PGR,MAPK12,1
MAPK12,PGR,1
PGR,NR3C2,1
NR3C2,PGR,1
BUB3,NUP107,1
PML,NUP107,1
HDAC7,KIDINS220,1
KLF1,GYPA,1
CNOT7,CNOT10,1
HMGB2,TOP2A,1
HMGB2,CCNB1,1
HMGB2,H1F0,1
H1F0,HMGB2,1
HMGB2,MAD2L1,1
HMGB2,BIRC5,1
MAPK1,LYZ2,1
MAPK1,ESR1,1
ESR1,MAPK1,1
MAPK1,CASP3,1
MAPK1,STAT3,1
STAT3,MAPK1,1
MAPK1,JUN,1
JUN,MAPK1,1
MAPK1,MAPK12,1
MAPK12,MAPK1,1
MAPK1,SPHK1,1
MAPK1,ABI1,1
MAPK1,EGR1,1
EGR1,MAPK1,1
MAPK1,FUCA2,1
MAPK1,PCYT1A,1
MAPK1,GNB4,1
EYA2,EYA1,1
EYA1,EYA2,1
MED16,SUPT7L,1
RARB,NCOA6,1
NCOA6,RARB,1
RARB,WDR5,1
XRCC6,RCOR1,1
XRCC6,LIG1,1
XRCC6,RPA2,1
MCM5,TOP2A,1
TCF19,TOP2A,1
EGR1,STAT3,1
STAT3,EGR1,1
EGR1,JUN,1
JUN,EGR1,1
ZEB2,SMAD2,1
SMAD2,ZEB2,1
ESR1,AHR,1
AHR,ESR1,1
ESR1,STAT3,1
STAT3,ESR1,1
ESR1,JUN,1
JUN,ESR1,1
ESR1,RUNX2,1
RUNX2,ESR1,1
ESR1,MAPK12,1
MAPK12,ESR1,1
TLE2,BTRC,1
RNF4,BTRC,1
REL,BTRC,1
RELB,BTRC,1
POLR1B,ELAC2,1
MCM5,CCNB1,1
BUB3,CCNB1,1
APBB1,APLP2,1
NFATC2,REL,1
REL,NFATC2,1
NFATC2,JUN,1
JUN,NFATC2,1
NFATC2,NFATC1,1
NFATC1,NFATC2,1
NFATC2,MEF2C,1
MEF2C,NFATC2,1
ABL1,MEF2C,1
MEF2C,ABL1,1
ABL1,MAPK12,1
MAPK12,ABL1,1
ABL1,ABI1,1
SNRPB,GPKOW,1
YBX1,GPKOW,1
YBX1,PSEN1,1
YBX1,SNRPB,1
SNRPB,YBX1,1
YBX1,SNRNP200,1
YBX1,PRPF4,1
MCM5,BIRC5,1
BUB3,BIRC5,1
TCF19,BIRC5,1
HDAC10,HDAC9,1
HDAC9,HDAC10,1
HDAC10,MAPK12,1
MAPK12,HDAC10,1
HDAC10,HDAC7,1
HDAC7,HDAC10,1
MCM5,RCC1,1
MCM5,CDCA8,1
BUB3,CDCA8,1
TCF19,CDCA8,1
BUB3,SPC25,1
BUB3,PSMD9,1
BUB3,CKAP5,1
BUB3,UBE2C,1
BUB3,CENPL,1
BUB3,CENPO,1
BUB3,SPC24,1
BUB3,MAD2L1,1
BUB3,FZR1,1
BUB3,CENPA,1
BUB3,NUF2,1
BUB3,CENPF,1
BUB3,RANGAP1,1
SNRPB,PRPF4,1
MCM5,NCAPG2,1
STAT3,CISH,1
PML,NUP155,1
PML,NUP93,1
PML,HDAC7,1
HDAC7,PML,1
PML,NDC1,1
MCM5,RFC5,1
MCM5,KIF20B,1
CBX7,UBE2C,1
RNF4,UBE2C,1
MCM5,UBE2C,1
HDAC7,HDAC9,1
HDAC9,HDAC7,1
MAPK12,PPARGC1A,1
PPARGC1A,MAPK12,1
MAPK12,TCF12,1
TCF12,MAPK12,1
MAPK12,JUN,1
JUN,MAPK12,1
MAPK12,MEF2C,1
MEF2C,MAPK12,1
MAPK12,GNB4,1
RNF4,UBA3,1
RELB,UBA3,1
DDX20,SNRPB,1
SNRPB,DDX20,1
STAT3,CASP3,1
JUN,CASP3,1
RNF4,RNF213,1
MCM5,CDC6,1
RELB,PSMD9,1
RELB,REL,1
REL,RELB,1
IFI204,LRRFIP1,1
BTAF1,TAF1,1
TAF1,BTAF1,1
TTF1,POLR1B,1
POLR1B,TTF1,1
REL,PSMD9,1
TAF1,RUVBL2,1
RUVBL2,TAF1,1
TAF1,SETD2,1
TAF1,WDR5,1
MCM5,MAD2L1,1
SNRPB,SNRNP200,1
POLR1B,DHX33,1
POLR1B,NOLC1,1
POLR1B,WDR4,1
POLR1B,TBL3,1
POLR1B,PUS7,1
MCM5,RPA2,1
NFE2L2,CUL3,1
NFE2L2,NRF1,1
NRF1,NFE2L2,1
NFE2L2,PPARGC1A,1
PPARGC1A,NFE2L2,1
NFE2L2,AHR,1
AHR,NFE2L2,1
MCM5,SMC2,1
ZZZ3,WDR5,1
ZZZ3,RUVBL2,1
RUVBL2,ZZZ3,1
JUN,NCOA6,1
NCOA6,JUN,1
JUN,STAT3,1
STAT3,JUN,1
JUN,WDR5,1
RUVBL2,WDR5,1
MCM5,CCNE1,1
REXO4,DHX33,1
IRF1,GBP2,1
IRF1,STAT3,1
STAT3,IRF1,1
HNRNPAB,UBE2G2,1
NCOA6,WDR5,1
NCOA6,MEIS1,1
MEIS1,NCOA6,1
NCOA6,PBX1,1
PBX1,NCOA6,1
LZTS1,EIF4ENIF1,1
MCM5,NCAPH,1
IFI204,TMEM173,1
IFI204,RUNX2,1
RUNX2,IFI204,1
MCM5,NUF2,1
MCM5,WDHD1,1
MCM5,RAD51AP1,1
MCM5,SPC25,1
RUNX2,TRPS1,1
TRPS1,RUNX2,1
RUNX2,SMAD2,1
SMAD2,RUNX2,1
MEIS1,WDR5,1
PBX1,WDR5,1
NRF1,PPARGC1A,1
PPARGC1A,NRF1,1
RNF4,CCNF,1
MCM5,CCNF,1
TCF12,CYTH3,1
MCM5,NCAPG,1
RNF4,KLHL22,1
RNF4,FZR1,1
PPARGC1A,MED16,1
MED16,PPARGC1A,1
STAT3,SMAD2,1
SMAD2,STAT3,1
MCM5,CENPA,1
RNF4,CUL2,1
MCM5,LIG1,1
MCM5,FIGNL1,1
MCM5,TPX2,1
MCM5,PRC1,1
CSRP3,ZYX,1
NFATC1,MEF2C,1
MEF2C,NFATC1,1
RNF4,CUL3,1
MEF2C,TCF12,1
TCF12,MEF2C,1
RNF4,UBE2G2,1
RNF4,PJA2,1
PBX1,MEIS1,1
MEIS1,PBX1,1
EBF1,TUBGCP5,0
EPOR,DOK2,0
MAPK9,KNSTRN,0
LZTS1,HNF4A,0
HDAC11,SPO11,0
GTF2H1,HDAC10,0
GATA1,ANXA5,0
MEF2C,GFI1B,0
HIST1H1C,NUP85,0
RELB,CDCA5,0
TRPS1,GFI1,0
LZTS1,CTNNA1,0
MYCN,CDK19,0
HCFC1,TK1,0
RAD51,PAK1,0
HCLS1,EDC3,0
NFE2,PNO1,0
TOPORS,SPHK1,0
MAPK9,PSTPIP1,0
BMI1,CUL4A,0
CSRP3,PHAX,0
NR4A1,H1F0,0
TCF12,GRN,0
FOS,E2F4,0
MAPK9,NASP,0
SPO11,HMGB2,0
TOX4,RPRD1B,0
XPC,POGLUT1,0
EGR1,E2F8,0
AHCTF1,RORA,0
HCFC1,ORC5,0
NFE2,XAB2,0
CSRP3,SNRPB,0
TRIB3,BUB1B,0
HCLS1,DHFR,0
RUNX2,PRDM16,0
KLF6,USP25,0
EYA1,CCNB2,0
NRF1,NFATC2,0
PRDM5,E2F8,0
POLR3F,PA2G4,0
TCF19,CBX7,0
AHCTF1,HCFC1,0
JUN,CDK19,0
GATA2,EYA2,0
RUNX2,CENPO,0
VDR,E2F6,0
CSRP3,AFG3L2,0
ZFP36,CKAP2,0
RORA,NFE2L2,0
GATA2,HDAC10,0
RELB,GRN,0
BMI1,GBP2,0
NDN,SPHK1,0
BMI1,GNAI3,0
FEM1B,SNAPC3,0
MCM7,EIF4ENIF1,0
CBFB,FIGNL1,0
FOS,MAVS,0
NOTCH1,CDK1,0
KLF6,NDE1,0
GTF3C3,TAF1,0
FOXO1,BMI1,0
MYB,MCM6,0
TTF1,NUP88,0
PWP1,EFTUD2,0
ID2,UBE2C,0
HDAC2,CYB5R3,0
HNRNPAB,DYNLT3,0
ZEB2,PKLR,0
DDX20,IL27RA,0
DEK,RRM2,0
SNAPC3,CASP1,0
PML,CRBN,0
BTG2,POLA2,0
RUNX1T1,PBX1,0
REL,NFE2L2,0
ELL2,KLF1,0
THRB,XPC,0
TLE2,CUL3,0
ETS1,EFTUD2,0
DDX58,REL,0
NFE2L2,CMPK2,0
CNOT7,EGR1,0
MCM3,TRPS1,0
PPARGC1A,RAD51,0
DEK,SMC2,0
ZEB2,DYNLT3,0
HMGB2,CUL2,0
NR4A1,ABCG2,0
REL,TRMT6,0
RELB,TUBGCP5,0
NDN,ORC5,0
RUNX2,BC005561,0
TRIB3,CDT1,0
SMARCA2,ETS1,0
TAF1,ANXA5,0
ELL2,LCP1,0
TCF19,SPC24,0
PLAG1,PSEN2,0
FEM1B,DDX20,0
BTAF1,IFI44,0
KLF1,GM2A,0
NOTCH1,MCM4,0
ETS1,PMPCA,0
HOXA9,ABCF3,0
MCM6,UBA7,0
SPI1,ANAPC2,0
DDX58,NRF1,0
PRDM16,GFI1,0
SMARCA2,PA2G4,0
REXO4,RNF19A,0
TTF1,ANXA5,0
FOXO1,XPC,0
GTF2H1,MEF2C,0
TCF19,RB1,0
CBX7,GNB4,0
NDN,NFATC2,0
HDAC11,CBX7,0
E2F4,CUL4A,0
EBF1,GFI1,0
MCM2,TLR4,0
SPO11,NR3C2,0
CSRP3,CDC45,0
MCM2,PIK3R2,0
MECOM,RELB,0
ELP2,RNASEL,0
RORA,NDC1,0
ELP3,CTSC,0
PGR,RNF19A,0
MCM3,USP25,0
DCP1A,TCF12,0
TOPORS,BID,0
POLR3F,LCP1,0
ABTB1,TCF19,0
GFI1,PSEN2,0
NOTCH1,LYZ2,0
ERCC8,CCNE2,0
BTAF1,UBR1,0
APBB1,WDR5,0
JARID2,FOXO1,0
POLR1B,PCYT1A,0
MAPK1,USP25,0
XPC,EPAS1,0
ABTB1,MCM2,0
BTAF1,MTAP,0
MIS18BP1,POLA2,0
MCM5,PSMF1,0
ORC2,SALL2,0
RUNX1T1,PSTPIP1,0
APBB1,GM2A,0
SPI1,CENPA,0
MYB,RAD21,0
SMAD2,GNB4,0
NOTCH1,ZEB2,0
MEF2C,DYNLT3,0
GTF2H1,CTNNA1,0
HNF4A,WDHD1,0
SPO11,BYSL,0
ZFP143,EGR1,0
BATF2,ETS1,0
HNF4A,ASF1B,0
SNRPB,MEIS1,0
JUN,UHRF1,0
MYCN,ANXA2,0
SNRPB,IL21R,0
GFI1,DOK2,0
ELL2,ABL1,0
CSRP3,HMGB2,0
MEF2C,APLP2,0
NFKBIA,KIF22,0
CENPK,SUN1,0
RAD51,NDN,0
RB1,PRKAB1,0
NFE2L2,CHUK,0
MED16,ZYX,0
EPOR,UROS,0
VDR,WDHD1,0
PML,CASP1,0
TCF19,PML,0
TSC22D3,CCNE1,0
MCM6,PLAC8,0
NFE2,CSTF2,0
STAT3,PRKCQ,0
ERCC8,TAF12,0
NDN,ELL2,0
NDN,PPP2R1B,0
STAT3,DCP1A,0
XRCC3,PSMD6,0
PHB2,KIF20B,0
RORC,DDX20,0
XAB2,PRKAB1,0
DDX20,HNF4A,0
MED16,HDAC7,0
JARID2,CBX7,0
NRF1,DDX58,0
MCM6,GOLPH3,0
IFI204,TOP2A,0
EPOR,OASL2,0
MCM6,XAB2,0
RUNX1T1,OASL2,0
TTF1,IKZF1,0
HNF4A,RORA,0
NOTCH1,GMNN,0
RORA,DDX58,0
EBF1,GUSB,0
GATA2,SUN1,0
EPOR,BUB1B,0
DEK,RUVBL2,0
CTR9,RNF213,0
VDR,GYPA,0
MYB,CTSC,0
PHF10,CKAP2L,0
RARB,FOS,0
IFI204,VDR,0
MAPK1,BUB1B,0
XPC,RPA1,0
NOTCH1,HDAC10,0
XAB2,ZYX,0
MCM5,ELP2,0
PRDM5,MAPK1,0
HDAC10,TK1,0
NFKBIA,ZZZ3,0
APBB1,PLAC8,0
PA2G4,DTL,0
EYA1,RFC4,0
PML,CDCA8,0
MEIS1,PRC1,0
ELP2,RUNX2,0
EBF1,FUCA2,0
NFKBIA,ETF1,0
PRDM16,NOTCH1,0
TOX4,EBI3,0
HNRNPAB,FBXW5,0
PRDM5,GNAI3,0
TCF19,FTSJ3,0
ZFP143,PRIM2,0
RARB,CTR9,0
ELP3,CREB5,0
HDAC2,HMMR,0
PHB2,TYMS,0
HDAC2,HOXA9,0
PHF10,GORASP1,0
STAT3,CRK,0
MECOM,CDK19,0
PBX1,PRKAB1,0
E2F8,CENPL,0
EPOR,NFE2,0
E2F4,ELP2,0
ELL2,DHFR,0
MAPK1,RNASEL,0
TAF1,CTPS,0
POLR3F,CUL2,0
MCM4,DUSP1,0
NR3C2,DUSP1,0
IRF8,ALKBH8,0
NR3C2,GNB4,0
MAPK1,RNF115,0
POLR1B,OASL2,0
JARID2,NUSAP1,0
ZEB2,TLR4,0
BUB3,SPO11,0
FOXO1,KLHL22,0
PBX1,CDCA3,0
IRF1,RPRD1B,0
DDX58,EBF1,0
ID2,MCM5,0
PRDM5,TUBGCP5,0
TTF1,EBF1,0
RORA,CENPO,0
PWP1,GFI1,0
NFATC2,TBL3,0
MIS18BP1,SPO11,0
RUVBL2,PJA2,0
JARID2,CRBN,0
HCFC1,PRIM1,0
REXO4,CPT1A,0
NOTCH1,CCNF,0
PHB2,UBAC1,0
EYA1,GPKOW,0
PRDM16,HDAC2,0
JUN,PUS7,0
RNF19A,SALL2,0
BTAF1,PSEN2,0
E2F4,BTG2,0
ZFP143,IRF1,0
RB1,PLK1,0
FOXO1,NCAPH,0
TLR4,MEF2C,0
TOX4,NUSAP1,0
CREB5,SMAD2,0
MCM4,CENPE,0
GFI1,PKM,0
KLF1,SMAD2,0
HNRNPAB,RORC,0
CTR9,NCAPG,0
AHR,HELLS,0
XRCC5,ELP3,0
TRIB3,RANGAP1,0
YBX1,RRM2,0
GTF2H1,TUBGCP5,0
GATA1,GTF2F1,0
ERCC8,GSR,0
GATA2,SEH1L,0
E2F8,FEM1B,0
HCLS1,FIGNL1,0
DDX20,TPX2,0
MCM3,MPL,0
HCLS1,GOLPH3,0
CSRP3,RUVBL2,0
NRF1,RCC1,0
DDX58,CREB5,0
CREB5,UBA3,0
SMARCA2,SPC25,0
IRF8,IFI204,0
MCM3,ANXA5,0
ERCC8,PSEN1,0
ABL1,UBE2C,0
TOPORS,DUSP2,0
MED16,RANGAP1,0
GTF2F1,UROS,0
DDX58,RFC4,0
XRCC5,KLF1,0
NR4A1,WDR36,0
RUNX2,EFTUD2,0
KLF1,GNB4,0
PBX1,ASNS,0
BTAF1,ETS1,0
ZFP143,SPC25,0
NFATC2,STAT3,0
IFI204,PJA2,0
HOXA9,CDK19,0
RUNX1T1,PLCG2,0
RNF4,PSMD9,0
THRB,DOK2,0
RUVBL2,CENPA,0
NR3C2,GRN,0
BLZF1,UBR1,0
RUVBL2,THRB,0
KLF6,INCENP,0
H1F0,CKAP2L,0
TLE2,UBE2C,0
BMI1,PWP2,0
BMI1,CTR9,0
MIS18BP1,TYMS,0
NFATC1,BC005561,0
VHL,UHRF1,0
JUN,EBF1,0
EPAS1,DECR1,0
XRCC3,EGR1,0
REL,UBAC1,0
FOXO1,CNOT7,0
PGR,LCP1,0
TRPS1,CENPL,0
EGR1,PSMD5,0
MYC,SNRPB,0
SPI1,SALL2,0
RELB,ZZZ3,0
IRF8,ELP3,0
GFI1,CDCA5,0
FOXO1,CCNF,0
GATA2,XRCC6,0
TAF12,CDT1,0
REL,VIM,0
PA2G4,ETS1,0
GTF2H1,APLP2,0
TLE2,YBX1,0
TLE2,H1F0,0
TTF1,ELP3,0
TRIB3,IRF1,0
MEF2C,CKAP5,0
NFE2,CTR9,0
HDAC10,CDT1,0
RUNX2,AFF4,0
CBX7,RPRD1B,0
GTF2H1,PSEN1,0
MAPK1,HDAC11,0
E2F4,RELB,0
ZEB2,TRPS1,0
SALL2,MAPKAPK3,0
KLF6,ABCF3,0
MED16,HIST1H1C,0
MED16,PUS7,0
DDX20,VIM,0
RELB,DUSP2,0
PGR,NFKBIA,0
EGR1,MEIS1,0
ZFP143,UBR1,0
TAF1,KAT7,0
HDAC9,CDCA3,0
XAB2,PSMD9,0
BMI1,PLAC8,0
E2F4,NRF1,0
RB1,USP25,0
MCM7,PSEN1,0
NR4A1,XRCC5,0
REXO4,TK1,0
H1F0,BC005561,0
PBX1,BUB3,0
POLR2B,RAD51,0
BTAF1,GFI1B,0
REL,AFF4,0
GFI1,WDR75,0
AHR,PHAX,0
IRF8,PSMD9,0
TCF19,SNRPB,0
HNRNPAB,HIST1H1C,0
PHF10,POGLUT1,0
EYA2,PSTPIP1,0
NOTCH1,GATA1,0
E2F4,IRF8,0
BLZF1,PSMD6,0
BLZF1,CKAP2L,0
MYB,FIGNL1,0
HDAC7,EDC3,0
JUN,NR3C2,0
AHCTF1,RCC1,0
ZFP36,AFF4,0
FOXO1,MTAP,0
BLZF1,PRKAR2B,0
DDX20,GATA2,0
CNOT7,UBE2G2,0
XPC,PKLR,0
PBX1,RPRD1B,0
VDR,CTNNA1,0
TLE2,NUP155,0
MEIS1,PSMD9,0
CSRP3,ZFP36,0
XAB2,WDR5,0
IRF8,COPS8,0
THRB,LYZ2,0
HIST1H1C,LRRFIP1,0
ZFP143,PLK1,0
IRF8,TRMT6,0
HNF4A,JARID2,0
ABTB1,IL27RA,0
IRF8,FOXO1,0
PGR,HDAC10,0
SNRPB,BMI1,0
RUVBL2,EYA1,0
TCF12,ASF1B,0
HDAC2,DHFR,0
HMGB2,RTP4,0
PHB2,LIG1,0
VDR,LYZ2,0
IRF8,ORC5,0
RNF19A,NUP93,0
NFKBIA,DECR1,0
ZEB2,SNRPB,0
HMGB2,TOX4,0
MAPK12,TRMT11,0
DDX58,NUP93,0
STAT3,POGLUT1,0
ERCC8,ANAPC2,0
TRPS1,BC005561,0
REL,MEF2C,0
NR4A1,ZFP36,0
GFI1,UHRF1,0
YBX1,MYB,0
HOXA9,CENPE,0
XRCC6,MTAP,0
RNF4,KIDINS220,0
GTF2H1,ASNS,0
THRB,RARS,0
STAT3,HOXA9,0
GTF3C3,PPP2R1B,0
BTG2,CCNF,0
BUB3,ABCD3,0
NFE2,RPRD1B,0
MIS18BP1,PPIL4,0
SNRPB,HNF4A,0
POLR1B,UBR1,0
ZZZ3,TCF19,0
ABTB1,CRNKL1,0
AFF4,GFI1B,0
BATF2,GTF2F1,0
GTF2E1,TOX4,0
KLF1,HDAC9,0
XPC,UBAC1,0
ABTB1,WDR5,0
NR3C2,NCAPD2,0
NOTCH1,ANAPC4,0
ORC2,RANGAP1,0
NFATC2,CKAP2,0
SPI1,NCAPG,0
MEIS1,WDR36,0
MYB,NCAPH,0
ABTB1,MTAP,0
E2F4,SNRNP200,0
RB1,UBE2C,0
HOXA9,NDE1,0
DDX58,KAT7,0
NRF1,CKAP2,0
MYB,MAPK1,0
BTG2,POLE3,0
POLR1B,NUP155,0
RELB,CENPO,0
DDX58,PSMD5,0
TTF1,JAK3,0
BTAF1,BYSL,0
TCF12,SMAD2,0
NFATC2,RB1,0
AFF4,VHL,0
VHL,NR3C2,0
RUNX1T1,EGR1,0
DDX58,JUN,0
MAPK1,MCM5,0
NR3C2,JAK3,0
PLAG1,CNOT7,0
HDAC7,LRRFIP1,0
VDR,CDC45,0
CTR9,IRF8,0
TAF1,CTNNA1,0
ZFP143,GTF2H1,0
ETS1,RPA2,0
GFI1B,CBFB,0
E2F6,DUSP2,0
MYC,DYNLT3,0
KLF6,RRM1,0
EGR1,CDC20,0
PHB2,CHUK,0
NRF1,CCNB2,0
KLF1,CDK1,0
IRF1,EYA2,0
DDX20,MTAP,0
MEIS1,RRM2,0
AFF4,ANXA5,0
CNOT7,XAB2,0
RELB,TAB1,0
HOXA9,IRF8,0
MAPK1,PRC1,0
MEF2C,UBA3,0
NOTCH1,MCM7,0
EPOR,SNRPB,0
XRCC6,NCAPH,0
PA2G4,RAD51,0
LZTS1,BATF2,0
VDR,RFC4,0
HDAC11,E2F4,0
HDAC7,CPT1A,0
FOS,SNRNP200,0
BTAF1,NFE2,0
XPC,GM2A,0
CBFB,NR4A1,0
GTF2E1,PRKAR2B,0
MCM2,NDRG1,0
SMARCA2,KAT7,0
HMGB2,BTAF1,0
NOTCH1,DCAF4,0
TCF12,HMGB2,0
PBX1,MAPK1,0
RORC,IL15,0
ABL1,CBX7,0
ABL1,GCLC,0
MCM7,TCF12,0
PGR,INTS8,0
BMI1,HERC4,0
SMARCA2,AHCTF1,0
SNAPC3,CCNE1,0
RUNX2,KIDINS220,0
NFE2L2,NCAPG2,0
PHF10,RAD51,0
GTF2F1,NOLC1,0
PPARGC1A,HDAC2,0
NFATC2,PWP2,0
EBF1,KLF1,0
MYC,MCM10,0
BATF2,GTF3C3,0
TCF19,RFC4,0
LZTS1,PSMD9,0
SALL2,DDX20,0
DDX20,MCM7,0
ETS1,CCNE2,0
JUN,GNAI3,0
SPO11,CISH,0
NRF1,NCAPG,0
ZEB2,INTS8,0
JARID2,PLEK,0
RUNX1T1,NOLC1,0
TLR4,PRKAR2B,0
AHR,ELAC2,0
NCOA6,GNB4,0
HCFC1,FIGNL1,0
TOPORS,TYMS,0
TAF1,EBI3,0
PLAG1,CENPF,0
SNRPB,CNOT10,0
DDX20,FEM1B,0
NCOA6,MSH6,0
NFATC1,MARS,0
PWP1,CDC20,0
GTF3C3,STAT3,0
MCM4,PSMD6,0
ELL2,PRKAA1,0
AHR,IL15,0
AFF4,NUP107,0
TAF12,TOLLIP,0
XAB2,CKAP5,0
MED16,GNAI3,0
GTF3C3,CENPF,0
AHR,GORASP1,0
FEM1B,PSEN2,0
BTAF1,IL27RA,0
MCM6,TCF19,0
GTF2H1,GTF3C3,0
KLF1,TBL3,0
RELB,UBA7,0
VHL,GFI1B,0
ELP3,POLR1B,0
SPO11,NCAPG,0
RUNX1T1,MTAP,0
MAPK1,IPO4,0
H1F0,TCF12,0
ID2,FIGNL1,0
BTG2,PJA2,0
HNF4A,ELP3,0
VDR,SEH1L,0
E2F4,UBR1,0
AFF4,CENPA,0
NR4A1,NDEL1,0
REL,XRCC6,0
TCF19,EDC3,0
ID2,NOTCH1,0
TAF12,GYPA,0
KLF6,MPL,0
IKZF1,SMARCA2,0
RUNX1T1,TOLLIP,0
EPAS1,MAPKAPK3,0
E2F8,RORA,0
HDAC10,NCOA6,0
HIST1H1C,XRCC3,0
E2F4,IRF1,0
GTF2F1,GSR,0
BLZF1,TIPIN,0
AFF4,SMC2,0
EPAS1,NASP,0
POLR3F,SMC2,0
KLF1,RAD51,0
REL,CENPF,0
HIST1H1C,KIF22,0
KLF6,CASP1,0
GTF2H1,NCAPH,0
NOTCH1,POLE3,0
TCF19,MEF2C,0
BLZF1,HDAC7,0
AHCTF1,WDR36,0
PA2G4,PPARGC1A,0
NDN,NRF1,0
EYA1,PRC1,0
GTF3C3,PKM,0
MED16,CKAP2L,0
XRCC3,BYSL,0
GATA1,GOLPH3,0
TOX4,GTF2E1,0
IRF1,RAD51,0
HDAC2,CCNB2,0
CBX7,ORC2,0
VHL,TRPS1,0
GFI1B,NDC1,0
DCP1A,BLZF1,0
TAF12,TTF1,0
EYA1,CHUK,0
MCM3,ETF1,0
GATA1,PSMD6,0
E2F8,PRKAB1,0
MIS18BP1,TAF1,0
TLE2,RAD51,0
GFI1,ETF1,0
MECOM,MYB,0
RUNX2,CYTH3,0
REL,IL21R,0
DDX58,MCM10,0
XAB2,TBL3,0
PPARGC1A,GM2A,0
RUNX2,BTAF1,0
VHL,NOP2,0
EBF1,NDN,0
NFKBIA,USP25,0
GFI1,RPA2,0
MCM6,SPHK1,0
MYC,BIRC5,0
ELP2,FOS,0
TTF1,PKLR,0
GTF2F1,NFKBIA,0
HOXA9,GM2A,0
MAPK9,UBR1,0
EPOR,SPO11,0
MAPK1,NRF1,0
XAB2,CCNE2,0
BATF2,CISH,0
HDAC10,KIDINS220,0
THRB,CENPE,0
RNF19A,DEK,0
MYC,NUSAP1,0
NOTCH1,BTRC,0
GTF3C3,RCC1,0
PA2G4,OASL2,0
STAT3,KIF20B,0
NFATC1,TAB1,0
CBFB,NRF1,0
FOXO1,CUL4A,0
BLZF1,KAT7,0
ABTB1,GSR,0
CTR9,GOLPH3,0
PRDM16,LCP2,0
MYC,ETS1,0
NFKBIA,ELP3,0
EPOR,ELP2,0
NDN,ETS1,0
AHR,LCP2,0
THRB,GATA1,0
TLE2,RORC,0
RORC,CCNE2,0
NFE2L2,AFG3L2,0
CREB5,POLA2,0
CTR9,GBP2,0
PHF10,GOLPH3,0
ZZZ3,IPO4,0
E2F4,COPS8,0
POLR3F,SMARCA2,0
ZFP143,MECOM,0
MCM2,DCP1A,0
XPC,PNO1,0
HOXA9,PCYT1A,0
LZTS1,BUB1,0
HIST1H1C,SNAPC3,0
KLF1,PRKAA1,0
TOX4,LCP2,0
ELL2,GM2A,0
NFATC1,NOP2,0
DDX58,SEH1L,0
RARB,RCC1,0
CNOT7,PHAX,0
HDAC2,RUNX2,0
MECOM,ELP2,0
BTG2,PRIM1,0
ABTB1,CTNNA1,0
MCM7,GRN,0
PWP1,CNOT7,0
XPC,MCM6,0
AHR,ASNS,0
GFI1B,RNF213,0
NFKBIA,RRM1,0
MCM4,FEM1A,0
KLF1,RORC,0
H1F0,TLR4,0
MECOM,CTNNA1,0
GFI1,HMGB2,0
AHCTF1,MSH6,0
MEIS1,MAD2L1,0
DDX20,RAD51AP1,0
PWP1,AURKB,0
TLE2,ESR1,0
NFE2,RAD51AP1,0
CNOT7,HMGB2,0
HOXA9,PRKAB1,0
HNRNPAB,CDT1,0
TRPS1,GPKOW,0
HNF4A,PJA2,0
AHR,TMEM173,0
IKZF1,MCM2,0
E2F6,POLR2B,0
RNF4,H1F0,0
GFI1B,SPHK1,0
H1F0,ESR1,0
HCFC1,CASP1,0
TAF1,REXO4,0
PHF10,RCOR1,0
GFI1B,MKI67,0
HDAC7,RRM2,0
BTAF1,BAP1,0
NFATC1,IRF1,0
BLZF1,NUP107,0
THRB,NDN,0
PRDM16,HOXA9,0
MIS18BP1,DUSP2,0
ESR1,ODC1,0
CBX7,IKZF1,0
SALL2,ZZZ3,0
SALL2,KIDINS220,0
TRPS1,PWP2,0
BTAF1,CYB5R3,0
NFKBIA,POLR1B,0
RUVBL2,TRPS1,0
TSC22D3,ELL2,0
AHR,TASP1,0
ZFP36,GEMIN5,0
TAF12,SMC2,0
HIST1H1C,GCLC,0
REXO4,DOCK2,0
MIS18BP1,MAPK1,0
BUB3,MAVS,0
HDAC7,ESR1,0
XRCC5,CENPO,0
CNOT7,BTAF1,0
SMARCA2,CKAP2L,0
BTG2,GSR,0
GTF2F1,SUPT7L,0
BMI1,CCNF,0
IRF1,GTF2H1,0
RARB,EPAS1,0
RB1,RNF213,0
NR4A1,DTL,0
TRPS1,WDHD1,0
MCM4,PPARGC1A,0
GATA1,MEIS1,0
POLR3F,WDR36,0
TOX4,XAB2,0
NCOA6,TTF1,0
E2F8,PBX1,0
NFE2L2,PLCG2,0
GTF2H1,NUP155,0
MYC,RUVBL2,0
RUVBL2,JARID2,0
PRDM16,CUL2,0
HMGB2,TIPIN,0
RORA,RNASEL,0
DDX58,MED16,0
MYB,AURKA,0
EPAS1,PLK1,0
XRCC6,NFE2L2,0
SMARCA2,CTPS,0
THRB,HELLS,0
TLE2,PCYT1A,0
XPC,PSMF1,0
AHCTF1,TOP2A,0
NDN,LYZ2,0
CENPK,NDC1,0
GFI1,NCOA6,0
NR3C2,MCM5,0
NCOA6,EGR1,0
MIS18BP1,DOK2,0
MCM2,MEIS1,0
PHF10,GATA2,0
MYCN,MECOM,0
HNF4A,CKAP5,0
MED16,RNASEL,0
PPARGC1A,DCAF11,0
RUNX1T1,MCM5,0
PA2G4,ATAD2,0
ELP3,PSMD9,0
JUN,RFC4,0
CSRP3,APLP2,0
IKZF1,SNAPC3,0
POLR3F,IRF8,0
ZFP36,POLE3,0
AHCTF1,UBA3,0
XRCC5,OASL2,0
CBX7,MAVS,0
PGR,NR4A1,0
SPO11,RCC1,0
GTF2H1,RUNX1T1,0
HDAC2,NR3C2,0
MCM7,PHF10,0
YBX1,ANXA2,0
MYB,HNF4A,0
NFATC2,GFI1B,0
POLR3F,ABCG2,0
CBX7,TYMS,0
KLF1,DUSP1,0
PHB2,CTTN,0
SPO11,BTRC,0
STAT3,GNB4,0
ABTB1,GFI1B,0
RARB,REXO4,0
RB1,MTAP,0
XRCC6,ELL2,0
SALL2,ABCD3,0
E2F6,TK1,0
IRF1,TYK2,0
XPC,GFI1B,0
XRCC6,UHRF1,0
TCF12,NUP85,0
JUN,PLK1,0
SNAPC3,MAPK9,0
ABL1,UBAC1,0
HCFC1,SPC24,0
SALL2,TRMT6,0
MYCN,SUPT7L,0
TCF19,EPOR,0
LZTS1,SUPT7L,0
MED16,CENPE,0
RUVBL2,CUL3,0
TRIB3,CNOT7,0
BATF2,BTRC,0
RB1,CENPL,0
GTF2H1,PRDM16,0
ELP2,CTNNA1,0
EBF1,E2F8,0
RUNX2,SEH1L,0
RORA,DCAF13,0
ELP3,CCNA2,0
ZZZ3,PSMD6,0
PBX1,ZZZ3,0
PML,CKAP2L,0
NR3C2,PAK1,0
HDAC11,GNAI3,0
CTR9,GTF3C3,0
ZEB2,NEDD1,0
CREB5,CSTF2,0
HDAC7,RAD51AP1,0
NR4A1,CENPO,0
HDAC11,ANXA5,0
GTF2F1,CDC20,0
ESR1,GOLPH3,0
MYCN,DDX20,0
ZFP143,CDCA3,0
BUB3,UROS,0
MEF2C,XRCC5,0
NCOA6,POLR1B,0
MCM3,ERCC8,0
NDN,POLE3,0
TLR4,PRC1,0
VDR,PBK,0
ETS1,ABI1,0
BTAF1,PBX1,0
ERCC8,REXO4,0
EPAS1,PCYT1A,0
H1F0,KIF20B,0
GTF2F1,MECOM,0
ZFP143,PCYT1A,0
XRCC3,SETD2,0
EPAS1,CTTN,0
ERCC8,RNF213,0
GTF2E1,EYA1,0
TAF1,IFI44,0
NFE2,SPC24,0
EYA2,MEIS1,0
ABL1,EPOR,0
PPARGC1A,FBXO5,0
SNRPB,MFNG,0
JARID2,PLK1,0
TLR4,HIST1H1C,0
E2F8,IPO4,0
MED16,SPC25,0
RUNX1T1,TTF1,0
RORA,ESR1,0
THRB,BLZF1,0
NDN,KLF1,0
RUVBL2,CDCA5,0
PHF10,CSTF2,0
JARID2,PML,0
VHL,PRPF4,0
MEIS1,PKLR,0
RB1,COPS8,0
EYA2,RARS,0
HMGB2,XRCC3,0
XRCC6,CDC7,0
RARB,ELL2,0
TAF1,CCNE2,0
NFE2,KIF22,0
ZFP143,PMPCA,0
HNF4A,CUL3,0
HIST1H1C,CASP3,0
HCFC1,REXO4,0
TAF12,HDAC7,0
FOS,PLK1,0
MYCN,MCM5,0
CSRP3,JAK3,0
PBX1,TLR4,0
CSRP3,MAVS,0
HDAC11,MCM3,0
CTR9,POLA2,0
PBX1,BAP1,0
MAPK9,NUP85,0
EYA2,NOLC1,0
GTF2F1,CKAP5,0
KLF1,DHFR,0
MCM6,MEF2C,0
TAF12,TPX2,0
H1F0,TIPIN,0
IFI204,RAD51AP1,0
REXO4,CDK19,0
ELP2,KIF22,0
XRCC3,PRKAR2B,0
HDAC2,HCFC1,0
PWP1,JAK3,0
MYC,CBFB,0
BTG2,BYSL,0
TTF1,DHFR,0
MAPK9,VDR,0
ABL1,WDR5,0
ORC2,BTRC,0
HCLS1,SUPT7L,0
POLR1B,CNOT10,0
CNOT7,DTL,0
MAPK9,ASF1B,0
BUB3,NOTCH1,0
SPI1,MECOM,0
NFATC1,UROS,0
MEF2C,NASP,0
REL,POLD1,0
CBX7,BUB1B,0
HDAC10,PRC1,0
PGR,HDAC11,0
BATF2,BUB1,0
HNRNPAB,CKAP5,0
MECOM,MYC,0
BTAF1,NCAPG,0
MYB,KIDINS220,0
MECOM,PRDM16,0
GATA2,BLZF1,0
PRDM5,NFATC1,0
MAPK1,ELP2,0
HNRNPAB,UHRF1,0
RUNX2,DTL,0
RB1,DCAF4,0
RARB,FEM1A,0
TAF1,RRM1,0
NFE2,SMAD2,0
RORC,CDCA8,0
TAF1,HDAC9,0
BUB3,FIGNL1,0
XRCC3,PSMF1,0
E2F8,IL15,0
HNF4A,CCNE2,0
ZFP143,FIGNL1,0
PGR,CUL4A,0
RARB,GTF2F1,0
VHL,CDK1,0
GATA1,RAD51,0
EGR1,ALKBH8,0
DDX58,NR3C2,0
ELP3,ELL2,0
ZFP36,AHR,0
EGR1,PWP1,0
GTF3C3,IFI204,0
RB1,PJA2,0
MAPK9,CUL2,0
RARB,TOLLIP,0
GTF2H1,NOP2,0
TOX4,IRF8,0
ELP2,CDK1,0
E2F8,MSH6,0
BTG2,SUN1,0
NCOA6,MCM6,0
NR3C2,RRM1,0
PWP1,AHCTF1,0
RUVBL2,CCNB2,0
KLF1,DCP1A,0
EPOR,HUS1,0
POLR1B,KLF6,0
JARID2,CCNB1,0
CSRP3,LRRFIP1,0
CBX7,POLD1,0
AHCTF1,EYA2,0
RORC,LIG1,0
RORA,RAD51,0
PLAG1,ESR1,0
REXO4,IL21R,0
PRDM16,NFKBIA,0
PRDM16,GATA1,0
RNF19A,TUBGCP5,0
HNF4A,AHR,0
XPC,TLR4,0
EPOR,GUSB,0
ELP3,VDR,0
DCP1A,CTPS,0
TCF19,TYMS,0
RNF19A,RARS,0
MCM4,UBA7,0
THRB,XRCC3,0
MAPK9,CENPL,0
E2F4,SNRPB,0
ABTB1,UBA3,0
THRB,PKM,0
TRPS1,POLR3F,0
ABL1,TUBGCP5,0
ZFP36,GTF2F1,0
HNRNPAB,WDR5,0
ORC2,MAPK9,0
HOXA9,SNRNP200,0
XPC,POLA2,0
TOX4,DCAF13,0
ZEB2,WDR4,0
HCLS1,PSMD5,0
TLR4,INTS8,0
PML,EDC3,0
NR3C2,CRNKL1,0
RELB,POLR1B,0
AHCTF1,HOXA9,0
PPARGC1A,IFI204,0
GFI1B,TK1,0
HMGB2,INTS8,0
MCM6,CRK,0
FOS,PRIM2,0
POLR3F,NDC1,0
YBX1,RAD21,0
TAF12,CDCA8,0
POLR1B,TUBGCP5,0
BLZF1,CENPL,0
GTF3C3,BTAF1,0
CBFB,HUS1,0
TTF1,EGR1,0
JUN,ELP2,0
CNOT7,SPC25,0
PLAG1,RUNX2,0
DDX58,NFKBIA,0
TCF12,RRM2,0
SPI1,CTR9,0
GATA2,GUSB,0
HDAC9,PBK,0
HMGB2,NDE1,0
NFE2,GM2A,0
DCP1A,XRCC6,0
CENPK,MEF2C,0
PA2G4,BUB3,0
NFATC1,OASL2,0
RNF19A,RCOR1,0
ELL2,UBE2G2,0
SMARCA2,KLHL22,0
XRCC6,PBX1,0
SNAPC3,PPIL4,0
CBX7,KNSTRN,0
ETS1,RPA1,0
VDR,NUP155,0
CTR9,IPO4,0
IKZF1,CDCA5,0
HIST1H1C,ABL1,0
ZZZ3,PLCG2,0
RNF19A,NUSAP1,0
EGR1,FEM1B,0
HDAC11,TTF1,0
E2F6,GPKOW,0
KLF6,PKM,0
HDAC2,BIRC5,0
ZFP143,RRM1,0
PPARGC1A,ORC6,0
POLR2B,ETS1,0
CBX7,PGR,0
CTR9,ZZZ3,0
SNAPC3,NFATC2,0
FOXO1,PSTPIP1,0
HCLS1,RUVBL2,0
NOTCH1,RAD21,0
ESR1,PRC1,0
HMGB2,DHFR,0
GTF2H1,THRB,0
SNAPC3,IKZF1,0
AFF4,RAD21,0
RAD51,SPHK1,0
RUNX2,RAD51,0
RUNX1T1,PLAC8,0
TRIB3,PRKCQ,0
NR3C2,DYNLT3,0
HNF4A,GEMIN5,0
CBX7,ID2,0
RNF4,KLF6,0
PRDM16,NUSAP1,0
KLF1,DOK2,0
HNRNPAB,SNRNP200,0
GATA2,WDHD1,0
MAPK9,POLE3,0
CENPK,HUS1,0
HMGB2,CYTH4,0
MECOM,DCAF4,0
HDAC10,TLR4,0
PBX1,NUP107,0
BTAF1,SPC24,0
FEM1B,TIPIN,0
TAF12,NOLC1,0
BATF2,HOXA9,0
GATA2,EIF4ENIF1,0
RUNX2,POLR2B,0
RUNX1T1,TBL3,0
STAT3,HDAC9,0
AHCTF1,SNRPB,0
RUNX1T1,PMPCA,0
RUNX2,AFG3L2,0
DDX20,NDN,0
NRF1,CCNE1,0
XRCC5,TPX2,0
RARB,NFE2L2,0
TLE2,PRKAR2B,0
BUB3,CDC7,0
NR3C2,EFTUD2,0
IFI204,KNSTRN,0
H1F0,ANAPC4,0
PBX1,MAVS,0
DDX20,NDC1,0
PRDM5,SPI1,0
NR3C2,VDR,0
TLR4,BID,0
RUVBL2,SALL2,0
SPI1,POLE3,0
CREB5,RAD51AP1,0
CENPK,THRB,0
TRIB3,FBXW5,0
TSC22D3,SNAPC3,0
HDAC9,LYZ2,0
BMI1,TOLLIP,0
MEIS1,WDHD1,0
GATA1,UBE2C,0
H1F0,TBL3,0
TLR4,MAPKAPK3,0
NR3C2,GUSB,0
GFI1B,WDR36,0
CNOT7,GMNN,0
SNRPB,ZZZ3,0
PLAG1,KIF11,0
RUVBL2,IFI44,0
DDX20,PPIL4,0
PHB2,ELL2,0
CBFB,MARS,0
JUN,E2F4,0
HNF4A,EGR1,0
DDX20,CPT1A,0
GTF2F1,TIPIN,0
VHL,RTP4,0
ETS1,PKM,0
MYB,MEF2C,0
HDAC11,UBE2G2,0
MCM4,CPT1A,0
RORC,ORC5,0
MCM3,TMEM173,0
YBX1,CDCA5,0
IFI204,KIDINS220,0
TLE2,HNF4A,0
ABTB1,KIF20B,0
YBX1,BATF2,0
LZTS1,NUF2,0
TTF1,SHCBP1,0
RARB,RFC5,0
PRDM5,CDC45,0
TLR4,MECOM,0
MAPK12,GOLPH3,0
TLE2,CCNA2,0
CSRP3,SEH1L,0
LZTS1,CDK19,0
PBX1,NR4A1,0
RUNX2,BID,0
IFI204,NUP88,0
HCLS1,NOP2,0
ID2,RNF115,0
PRDM5,XRCC6,0
ZZZ3,PSEN1,0
STAT3,SUN1,0
HDAC7,MCM7,0
MYC,VDR,0
RELB,EBI3,0
TAF1,PAK1,0
TLE2,KAT7,0
MEIS1,ASF1B,0
MCM3,CENPL,0
ELL2,NUP93,0
HDAC10,TOX4,0
GFI1B,BUB1B,0
HDAC9,TOLLIP,0
CREB5,DUSP2,0
PWP1,PRKAB1,0
HDAC11,SUPT7L,0
NFE2L2,CCNA2,0
ID2,YBX1,0
PGR,MED16,0
DDX20,AHR,0
DEK,RNF115,0
AHCTF1,CNOT10,0
JARID2,PPP2R1B,0
PWP1,NUP88,0
EBF1,CCNA2,0
EYA1,CENPL,0
RB1,IL27RA,0
CENPK,BID,0
RELB,SUPT7L,0
EYA1,TYMS,0
NRF1,WDR36,0
RNF4,PRIM1,0
HDAC7,PRDM16,0
XRCC3,BMI1,0
POLR2B,TBL3,0
CTR9,CDC20,0
GATA2,KAT7,0
MAPK12,ZZZ3,0
RNF19A,SMAD2,0
PGR,MSH6,0
RORC,ALKBH8,0
HOXA9,HMMR,0
REL,PBK,0
RUVBL2,CDC7,0
EPOR,CRNKL1,0
DCP1A,IL21R,0
ERCC8,NOLC1,0
GFI1,EFTUD2,0
CENPK,VDR,0
DDX58,TAF1,0
THRB,GNB4,0
PML,ETS1,0
MCM2,ANAPC4,0
PGR,SPC24,0
NCOA6,PSMD5,0
NCOA6,BIRC5,0
KLF6,NUF2,0
POLR1B,WDHD1,0
RARB,TRPS1,0
GFI1B,PRKCQ,0
BUB3,SMAD2,0
GTF2H1,NDRG1,0
YBX1,PSMD9,0
SPO11,MAD2L1,0
RORA,SPI1,0
EPAS1,CKAP5,0
PRDM16,IFI44,0
STAT3,PJA2,0
TSC22D3,CENPF,0
BTG2,PAK1,0
GATA1,CDCA5,0
PPARGC1A,CUL2,0
ZZZ3,PRPF4,0
TRIB3,PJA2,0
ABL1,SUN1,0
SALL2,DOK2,0
MEIS1,PJA2,0
MED16,PCYT1A,0
HCLS1,MED22,0
NFATC1,DUSP2,0
GFI1B,ORC6,0
RNF4,PBK,0
BTG2,TPX2,0
IRF8,RANGAP1,0
PRDM16,AHCTF1,0
ZFP36,SMARCA2,0
LZTS1,FIGNL1,0
RELB,ASNS,0
JARID2,SNRPB,0
PRDM5,HMMR,0
GTF2E1,ZYX,0
PML,YBX1,0
BTAF1,KIF22,0
NOTCH1,HOXA9,0
CNOT7,MEF2C,0
BUB3,IPO4,0
VDR,MTAP,0
NR3C2,HOXA9,0
IKZF1,PSMD9,0
DDX20,CDCA8,0
ZEB2,ZZZ3,0
VDR,NUP107,0
PHF10,HCFC1,0
H1F0,GPKOW,0
MCM2,ETS1,0
STAT3,UBE2C,0
XRCC3,EPAS1,0
DEK,LRRFIP1,0
TOPORS,SMC2,0
MCM3,GATA2,0
DEK,NDE1,0
ETS1,ELL2,0
HDAC7,LCP2,0
ETS1,ABL1,0
MED16,XRCC3,0
MYB,MECOM,0
DDX58,XRCC6,0
MCM2,TCF19,0
NR4A1,KLF6,0
E2F4,ETF1,0
NOTCH1,ABL1,0
BLZF1,FOS,0
TSC22D3,DCP1A,0
PML,ABL1,0
HCLS1,FUCA2,0
CNOT7,BID,0
POLR3F,NEDD1,0
AFF4,CISH,0
TOX4,CCNA2,0
JUN,KIF22,0
EPOR,PA2G4,0
HCFC1,HDAC11,0
GATA1,SALL2,0
SPI1,PBX1,0
NCOA6,TCF12,0
ABL1,CCNE1,0
NOTCH1,GNB4,0
SNAPC3,LCP2,0
SMAD2,TYK2,0
IRF8,GTF2E1,0
REXO4,RCC1,0
TSC22D3,LCP1,0
MCM4,MARS,0
HNF4A,SALL2,0
DCP1A,CDCA5,0
RNF4,CENPL,0
HDAC2,XRCC5,0
DEK,AFG3L2,0
CTR9,STAT3,0
PWP1,BC005561,0
XRCC3,NOP2,0
MCM2,SUPT7L,0
GFI1B,NUP107,0
AHCTF1,ODC1,0
GFI1,MAVS,0
JARID2,PAK1,0
HDAC11,EBI3,0
MCM5,WDR36,0
ZFP143,REXO4,0
CENPK,RNF115,0
CTR9,CKAP2,0
ZEB2,RNF19A,0
STAT3,PSMD5,0
GTF3C3,COPS8,0
XRCC6,MFNG,0
NFATC1,PSEN2,0
HIST1H1C,ESR1,0
ESR1,LCP1,0
FOS,HUS1,0
GTF2H1,ELP2,0
MAPK9,DDX20,0
RAD51,ELP2,0
MCM3,DHFR,0
RNF19A,CCNB2,0
TRPS1,TOLLIP,0
TAF1,CISH,0
MED16,GTF3C3,0
THRB,IPO4,0
HCLS1,HDAC10,0
RARB,IL21R,0
E2F8,CCNF,0
RORA,KLF6,0
KLF1,SNRPB,0
DCP1A,PSMD6,0
HDAC11,MEF2C,0
THRB,CNOT10,0
GTF3C3,MCM2,0
PRDM5,WDR36,0
RB1,RAD21,0
IKZF1,EYA2,0
XRCC3,POLR3F,0
XRCC5,ANAPC2,0
EGR1,HDAC9,0
SALL2,MCM10,0
APBB1,UBA7,0
RUNX2,KIF22,0
HDAC10,MYB,0
SNRPB,HMGB2,0
CTR9,TRPS1,0
SMARCA2,ID2,0
IRF1,TRPS1,0
CENPK,CCNF,0
XAB2,BIRC5,0
RAD51,HIST1H1C,0
XRCC3,MYB,0
CBFB,AURKB,0
H1F0,RARS,0
GTF2F1,ATAD2,0
ESR1,DCP1A,0
KLF1,MCM3,0
PA2G4,DDX20,0
MED16,KIF11,0
TCF19,AURKA,0
MECOM,CTTN,0
EPAS1,CCNB2,0
TLR4,EIF4ENIF1,0
CENPK,TAF1,0
DEK,RCOR1,0
CNOT7,BTRC,0
JARID2,RAD51,0
GFI1,DTL,0
IRF1,NR3C2,0
PRDM5,NCAPG,0
HCFC1,TAB1,0
TOPORS,AURKB,0
MYB,SPC25,0
RAD51,WDR5,0
ABTB1,BIRC5,0
RORC,BUB3,0
ESR1,CYB5R3,0
YBX1,WDHD1,0
XAB2,SUN1,0
PPARGC1A,PWP2,0
H1F0,PMPCA,0
REL,NCAPG,0
XRCC5,HOXA9,0
DCP1A,PBX1,0
PHF10,LCP2,0
MIS18BP1,BMI1,0
EYA1,MSH6,0
ZFP143,EYA1,0
CBX7,UBAC1,0
EPAS1,ZFP36,0
PGR,TMEM173,0
MAPK12,MYB,0
XRCC5,NDN,0
ELL2,MCM10,0
BTG2,NUSAP1,0
RB1,DYNLT3,0
MCM5,PWP1,0
PML,GSR,0
SALL2,POLA2,0
PRDM5,MCM2,0
PGR,ZEB2,0
GTF2E1,MCM7,0
NOTCH1,GFI1,0
HCFC1,PGR,0
NFATC2,ZFP36,0
E2F4,ELP3,0
DEK,EPOR,0
CTR9,WDR75,0
RUNX1T1,EBF1,0
AHCTF1,PRDM16,0
PBX1,FBXW5,0
YBX1,ZYX,0
MAPK9,SUN1,0
ID2,ETF1,0
SMARCA2,NDE1,0
PRDM16,POLE3,0
TAF12,HUS1,0
NR3C2,INTS8,0
CREB5,CTNNA1,0
VDR,PBX1,0
MCM4,TRMT6,0
DDX20,ORC2,0
HDAC9,TRPS1,0
DDX20,BUB1B,0
H1F0,EIF4ENIF1,0
BMI1,IL27RA,0
ELP2,TCF19,0
APBB1,GATA1,0
EPOR,CASP1,0
CBX7,CDCA8,0
JARID2,POLD1,0
YBX1,ASNS,0
SPI1,CDC7,0
TAF1,NCAPG2,0
VDR,BLZF1,0
MCM5,PRPF4,0
AFF4,WDR75,0
XPC,KIF22,0
DEK,VHL,0
NFKBIA,VDR,0
ETS1,CASP1,0
HDAC11,SHCBP1,0
EPAS1,HDAC7,0
TAF1,JARID2,0
POLR2B,MAPK1,0
MYC,WDR4,0
RUVBL2,RELB,0
NR3C2,HDAC7,0
MYB,NRF1,0
DDX20,BID,0
SMAD2,PLK1,0
NDN,ODC1,0
TLE2,DECR1,0
HDAC2,GUSB,0
FOS,RCOR1,0
NFKBIA,IRF1,0
HNF4A,CDK1,0
MAPK1,ZYX,0
MEF2C,CENPO,0
REL,ANXA5,0
DDX58,UBE2G2,0
RUNX2,IPO4,0
PPARGC1A,E2F4,0
TSC22D3,CNOT10,0
HMGB2,DDX58,0
EPAS1,BYSL,0
GATA2,GTF2E1,0
AFF4,GUSB,0
BLZF1,PRIM1,0
NFKBIA,DDX20,0
NOTCH1,MYB,0
DCP1A,MCM10,0
PHF10,CENPF,0
HDAC7,BLZF1,0
IFI204,CCNB1,0
MEIS1,TLR4,0
TAF1,ETS1,0
HCLS1,UBA3,0
THRB,GFI1B,0
MIS18BP1,JAK3,0
PBX1,MCM6,0
REL,NCAPH,0
NCOA6,TOX4,0
SALL2,HMMR,0
ZFP143,INCENP,0
PBX1,ORC2,0
CBFB,PRDM16,0
GTF2F1,POGLUT1,0
DDX20,ASNS,0
PRDM5,CTTN,0
ZFP143,GEMIN5,0
HNRNPAB,POLR2B,0
MYB,PLAC8,0
AFF4,DHX33,0
ESR1,BATF2,0
EYA1,SEH1L,0
MAPK12,PSMD5,0
MYC,NFE2,0
AHCTF1,AURKA,0
NR3C2,MECOM,0
RNF4,IRF8,0
NDN,KIF20B,0
NR4A1,FIGNL1,0
MED16,CENPA,0
PPARGC1A,CCNB1,0
EPAS1,INCENP,0
NFE2L2,RNF213,0
ESR1,NFE2L2,0
LZTS1,ELP2,0
ETS1,MCM3,0
APBB1,PSMD9,0
KLF6,PKLR,0
NDN,BUB1B,0
EYA2,PUS7,0
CNOT7,BMI1,0
TSC22D3,CCNE2,0
DCP1A,PRIM2,0
EGR1,NUP107,0
MYC,WDR5,0
NCOA6,RUVBL2,0
CENPK,SMARCA2,0
RNF19A,NUP88,0
TOPORS,MCM6,0
PWP1,CRNKL1,0
TCF12,MSH6,0
RNF19A,ORC6,0
HCLS1,NCAPG,0
GTF2F1,ASNS,0
EYA1,AURKA,0
RELB,IL21R,0
MAPK1,UBA3,0
MCM7,FOXO1,0
CTR9,PNO1,0
RELB,GATA1,0
PHB2,ORC2,0
ABL1,SMARCA2,0
MYB,IRF8,0
HDAC9,DTL,0
IFI204,PPP2R1B,0
SMAD2,CCNE1,0
H1F0,CENPE,0
EYA1,ZFP36,0
MIS18BP1,NCAPD2,0
XAB2,MCM3,0
VDR,GOLPH3,0
ZEB2,H1F0,0
XRCC3,GCLC,0
ELP3,KLHL22,0
XAB2,MCM2,0
NOTCH1,ALKBH8,0
GATA2,CUL4A,0
BTG2,RPA1,0
TLR4,JARID2,0
ORC2,TAF1,0
EGR1,GOLPH3,0
ZEB2,TAB1,0
HMGB2,CENPF,0
MECOM,RARS,0
HMGB2,AFF4,0
TRPS1,E2F8,0
MED16,SUN1,0
TTF1,YBX1,0
NDN,AFG3L2,0
RARB,CRK,0
ABTB1,RUNX1T1,0
PML,NEDD1,0
XPC,MAVS,0
XRCC6,MCM7,0
PRDM5,UBAC1,0
PBX1,XRCC3,0
EYA1,FZR1,0
ZFP143,JARID2,0
TOPORS,MAPK1,0
BTG2,SETD2,0
DDX58,NDE1,0
NR4A1,BIRC5,0
SMARCA2,IRF1,0
MCM2,NFE2L2,0
HDAC2,EPAS1,0
HDAC7,SPO11,0
HNF4A,AURKA,0
RAD51,ABI1,0
NFATC1,GFI1B,0
ID2,CCNB1,0
RELB,HERC4,0
PRDM5,NEDD1,0
SMARCA2,MIS12,0
ETS1,TRMT11,0
EYA1,MAPK1,0
RELB,HNF4A,0
SALL2,KIF22,0
REXO4,TAF12,0
TLR4,RARS,0
MEIS1,GTF2H1,0
AHR,CDC45,0
MAPK9,GFI1,0
NFE2L2,TRMT11,0
MECOM,NDE1,0
TAF12,ASNS,0
IRF8,CPT1A,0
DEK,NDN,0
FEM1B,CCNE2,0
HNRNPAB,BAP1,0
NFATC1,DEK,0
SMAD2,CDC6,0
NR3C2,FOS,0
PHB2,ZYX,0
EPAS1,TYK2,0
MCM6,HDAC9,0
TSC22D3,NUF2,0
HDAC10,KIF22,0
REXO4,CDC45,0
IKZF1,CASP1,0
ZEB2,LYZ2,0
PRDM16,PRC1,0
EYA1,EFTUD2,0
BTG2,CUL4A,0
MCM6,RUNX1T1,0
NR3C2,BC005561,0
MCM5,PLCG2,0
APBB1,MAPK12,0
SNRPB,CENPK,0
SMAD2,DTL,0
NR4A1,PBK,0
CBX7,REL,0
EBF1,TYK2,0
RORC,MFNG,0
MYB,TAF1,0
RORC,PCYT1A,0
KLF1,NR4A1,0
NRF1,AHR,0
AHR,MECOM,0
POLR3F,MCM4,0
CBX7,DYNLT3,0
AHR,IL21R,0
HDAC7,ANAPC2,0
TRPS1,ABI1,0
HCFC1,BC005561,0
VDR,PSMD5,0
DDX58,RPA1,0
SALL2,UBE2C,0
JARID2,BMI1,0
CBFB,CYTH3,0
HCLS1,UBE2C,0
MEIS1,DUS1L,0
EBF1,HNF4A,0
RNF19A,GOLPH3,0
JUN,SEH1L,0
TLR4,CENPL,0
GTF2H1,SPO11,0
MYB,BUB1,0
MCM7,HOXA9,0
GFI1B,PLAC8,0
TOX4,NRF1,0
NDN,HDAC7,0
HMGB2,EIF4ENIF1,0
POLR2B,HMMR,0
PA2G4,AHR,0
NR4A1,MAPK9,0
NDN,PSMD6,0
RNF4,PRKCQ,0
FEM1B,POLR3F,0
THRB,NUP93,0
MEIS1,IL27RA,0
AHCTF1,POLE3,0
MEIS1,KLF1,0
E2F8,CYTH3,0
ID2,GEMIN5,0
SNAPC3,RB1,0
MIS18BP1,NUP85,0
ORC2,APLP2,0
HDAC11,NUSAP1,0
NRF1,CNOT10,0
REL,PWP1,0
MCM2,ZEB2,0
ELP3,BC005561,0
LZTS1,TAB1,0
ID2,MARS,0
NFE2L2,GATA2,0
ABL1,ELP2,0
PRDM16,GBP2,0
HNF4A,DUSP2,0
MCM5,KLF6,0
TAF1,DUSP1,0
AHR,PRIM1,0
AHR,PKLR,0
HDAC7,PPARGC1A,0
PPARGC1A,ATG12,0
TAF12,LCP1,0
MCM3,MEIS1,0
PRDM16,YBX1,0
POLR3F,HELLS,0
VHL,GTF2F1,0
CSRP3,TMEM173,0
EBF1,CENPA,0
TLE2,TBL3,0
BTG2,PSEN2,0
RORC,PBK,0
TRPS1,RNASEL,0
RB1,GRN,0
IFI204,TTF1,0
RORA,EPAS1,0
MIS18BP1,GTF3C3,0
MCM6,UBAC1,0
ELP2,PUS7,0
MEF2C,BIRC5,0
PML,LYZ2,0
BMI1,SPO11,0
AHR,ID2,0
PML,MPL,0
SPI1,APLP2,0
GTF3C3,MAPK12,0
MCM4,XPC,0
TSC22D3,DCAF11,0
CTR9,CENPE,0
TOPORS,CBFB,0
THRB,ORC6,0
ELL2,TMEM173,0
HIST1H1C,RNF213,0
NFATC2,CHUK,0
RAD51,NDEL1,0
ABL1,ORC6,0
MEIS1,INTS8,0
MECOM,ZFP143,0
HNF4A,ZFP143,0
EPAS1,GYPA,0
IKZF1,RARS,0
TOX4,PRKAB1,0
NFATC2,NUF2,0
BLZF1,PKLR,0
ZFP143,HDAC2,0
MAPK1,UBR1,0
XAB2,CDC6,0
ELL2,HDAC7,0
PHB2,HDAC7,0
TCF12,POLA2,0
APBB1,BIRC5,0
HDAC11,PJA2,0
